db_table,columns,dashboards
adminifi_data.datafi_exports,[],{'DownloadAnalytics': 'https://tableau.everfiapps-dev.net/#/views/DownloadAnalyticsProd/DownloadAnalytics'}
ods.dim_evaluations,[],{'Winning Solution for POC': 'https://tableau.everfiapps-dev.net/#/views/DoDPOC/WinningSolutionforPOC'}
ods.dim_evaluations,[],{'Winning Solution for POC': 'https://tableau.everfiapps-dev.net/#/views/DoDPOC/WinningSolutionforPOC'}
ods.dim_organizations,[],{'Winning Solution for POC': 'https://tableau.everfiapps-dev.net/#/views/DoDPOC/WinningSolutionforPOC'}
ods.dim_organizations,[],{'Winning Solution for POC': 'https://tableau.everfiapps-dev.net/#/views/DoDPOC/WinningSolutionforPOC'}
homeroom_data.sponsorships,[],{'Action Plan Dashboard': 'https://tableau.everfiapps-dev.net/#/views/ActionPlanDashboardOrgId/ActionPlanDashboard'}
homeroom_data.sponsorships,[],{'Action Plan Dashboard': 'https://tableau.everfiapps-dev.net/#/views/ActionPlanDashboardOrgId/ActionPlanDashboard'}
reporting_data.drinker_category_data,"['answer_id', 'answer_text', 'content_id', 'content_name', 'date_key', 'evaluation_id', 'evaluation_labels', 'evaluation_name', 'evaluation_type', 'is_scorm', 'lob_rls_id', 'masked_user_id', 'organization_id', 'organization_name', 'question_id', 'question_labels', 'question_slug', 'question_text', 'question_type', 'response_id', 'response_set_count', 'response_set_created_at', 'response_type', 'section_id', 'section_labels', 'section_title', 'student_engagement_question']","{'Migration Testing Dashboard': 'https://tableau.everfiapps-dev.net/#/views/MigrationTestingWorkbook/MigrationTestingDashboard', 'Drinker-Category': 'https://tableau.everfiapps-dev.net/#/views/DrinkerCategoryCSVDowload/Drinker-Category'}"
reporting_data.drinker_category_data,"['answer_id', 'answer_text', 'content_id', 'content_name', 'date_key', 'evaluation_id', 'evaluation_labels', 'evaluation_name', 'evaluation_type', 'is_scorm', 'lob_rls_id', 'masked_user_id', 'organization_id', 'organization_name', 'question_id', 'question_labels', 'question_slug', 'question_text', 'question_type', 'response_id', 'response_set_count', 'response_set_created_at', 'response_type', 'section_id', 'section_labels', 'section_title', 'student_engagement_question']","{'Migration Testing Dashboard': 'https://tableau.everfiapps-dev.net/#/views/MigrationTestingWorkbook/MigrationTestingDashboard', 'Drinker-Category': 'https://tableau.everfiapps-dev.net/#/views/DrinkerCategoryCSVDowload/Drinker-Category'}"
reporting_data.drinker_category_data,"['answer_id', 'answer_text', 'content_id', 'content_name', 'date_key', 'evaluation_id', 'evaluation_labels', 'evaluation_name', 'evaluation_type', 'is_scorm', 'lob_rls_id', 'masked_user_id', 'organization_id', 'organization_name', 'question_id', 'question_labels', 'question_slug', 'question_text', 'question_type', 'response_id', 'response_set_count', 'response_set_created_at', 'response_type', 'section_id', 'section_labels', 'section_title', 'student_engagement_question']","{'Migration Testing Dashboard': 'https://tableau.everfiapps-dev.net/#/views/MigrationTestingWorkbook/MigrationTestingDashboard', 'Drinker-Category': 'https://tableau.everfiapps-dev.net/#/views/DrinkerCategoryCSVDowload/Drinker-Category'}"
adminifi_data.organizations,[],{'CEos': 'https://tableau.everfiapps-dev.net/#/views/CEos-Truist/CEos'}
reporting_data.atwork_program_poll_response_activity_report_data,[],{'Learner Response Analysis': 'https://tableau.everfiapps-dev.net/#/views/LearnerResponseAnalysis_15845526459980/LearnerResponseAnalysis'}
reporting_data.assigned_learning_evaluation_benchmark,[],"{'Survey Data': 'https://tableau.everfiapps-dev.net/#/views/SurveyResultsbyQuestionTwoTableaRLS/SurveyData', 'Dashboard': 'https://tableau.everfiapps-dev.net/#/views/SurveyRepeater/Dashboard'}"
reporting_data.assigned_learning_evaluation_benchmark,[],"{'Survey Data': 'https://tableau.everfiapps-dev.net/#/views/SurveyResultsbyQuestionTwoTableaRLS/SurveyData', 'Dashboard': 'https://tableau.everfiapps-dev.net/#/views/SurveyRepeater/Dashboard'}"
reporting_data.assigned_learning_evaluation_benchmark,[],"{'Survey Data': 'https://tableau.everfiapps-dev.net/#/views/SurveyResultsbyQuestionTwoTableaRLS/SurveyData', 'Dashboard': 'https://tableau.everfiapps-dev.net/#/views/SurveyRepeater/Dashboard'}"
reporting_data.assigned_learning_evaluation_benchmark,[],"{'Survey Data': 'https://tableau.everfiapps-dev.net/#/views/SurveyResultsbyQuestionTwoTableaRLS/SurveyData', 'Dashboard': 'https://tableau.everfiapps-dev.net/#/views/SurveyRepeater/Dashboard'}"
reporting_data.assigned_learning_evaluation_benchmark,[],"{'Survey Data': 'https://tableau.everfiapps-dev.net/#/views/SurveyResultsbyQuestionTwoTableaRLS/SurveyData', 'Dashboard': 'https://tableau.everfiapps-dev.net/#/views/SurveyRepeater/Dashboard'}"
reporting_data.assigned_learning_evaluation_benchmark,[],"{'Survey Data': 'https://tableau.everfiapps-dev.net/#/views/SurveyResultsbyQuestionTwoTableaRLS/SurveyData', 'Dashboard': 'https://tableau.everfiapps-dev.net/#/views/SurveyRepeater/Dashboard'}"
reporting_data.program_traffic_visits_report_data,[],{'Elective Learning Traffic': 'https://tableau.everfiapps-dev.net/#/views/ElectiveLearningActivitySummary/ElectiveLearningTraffic'}
reporting_data.program_traffic_visits_report_data,[],{'Elective Learning Traffic': 'https://tableau.everfiapps-dev.net/#/views/ElectiveLearningActivitySummary/ElectiveLearningTraffic'}
ods.dim_programs,"['active', 'audience_id', 'audience_name', 'city', 'parent_program_id', 'program_create_date', 'program_delete_date', 'program_end_at', 'program_id', 'program_key', 'program_launch_at', 'program_name', 'program_slug', 'program_type', 'program_update_date', 'promotional_strategy_id', 'promotional_strategy_name', 'sourcesystem_id', 'start_date', 'state']",{'visits': 'https://tableau.everfiapps-dev.net/#/views/SiteTrafficDistributionstabpy/visits'}
reporting_data.sponsored_learning_enrollment_activities,[],{'CEos': 'https://tableau.everfiapps-dev.net/#/views/CEos-Truist/CEos'}
josh_ods.emotifi_tableau_v,"['agerange_high', 'agerange_low', 'beard_confidence', 'beard_value', 'boundingbox_height', 'boundingbox_left', 'boundingbox_top', 'boundingbox_width', 'confidence', 'emotions_confidence', 'emotions_type', 'eyeglasses_confidence', 'eyeglasses_value', 'eyesopen_confidence', 'eyesopen_value', 'gender_confidence', 'gender_value', 'image_id', 'mouthopen_confidence', 'mouthopen_value', 'mustache_confidence', 'mustache_value', 'pose_pitch', 'pose_roll', 'pose_yaw', 'quality_brightness', 'quality_sharpness', 'rekog_at', 'seed_image_name', 'smile_confidence', 'smile_value', 'sunglasses_confidence', 'sunglasses_value']","{'Ray - Happy': 'https://tableau.everfiapps-dev.net/#/views/emotifi/Ray-Happy', 'Emotifi Dashboard (live)': 'https://tableau.everfiapps-dev.net/#/views/emotifi/EmotifiDashboardlive', 'Ray - Angry': 'https://tableau.everfiapps-dev.net/#/views/emotifi/Ray-Angry', 'Matt - Sad': 'https://tableau.everfiapps-dev.net/#/views/emotifi/Matt-Sad', 'Tom - Happy': 'https://tableau.everfiapps-dev.net/#/views/emotifi/Tom-Happy', 'Sean - Surprised': 'https://tableau.everfiapps-dev.net/#/views/emotifi/Sean-Surprised', 'Average Results Per Emotion (live)': 'https://tableau.everfiapps-dev.net/#/views/emotifi/AverageResultsPerEmotionlive', 'Erik - Sad': 'https://tableau.everfiapps-dev.net/#/views/emotifi/Erik-Sad', 'Gerald - Angry': 'https://tableau.everfiapps-dev.net/#/views/emotifi/Gerald-Angry', 'Nian Li - Happy': 'https://tableau.everfiapps-dev.net/#/views/emotifi/NianLi-Happy', 'Gwen - Calm': 'https://tableau.everfiapps-dev.net/#/views/emotifi/Gwen-Calm', 'Average Results Per Emotion': 'https://tableau.everfiapps-dev.net/#/views/emotifi/AverageResultsPerEmotion', 'Charles - Disgusted': 'https://tableau.everfiapps-dev.net/#/views/emotifi/Charles-Disgusted', 'Emotifi Dashboard (engineers)': 'https://tableau.everfiapps-dev.net/#/views/emotifi/EmotifiDashboardengineers', 'Gerry - Confused': 'https://tableau.everfiapps-dev.net/#/views/emotifi/Gerry-Confused'}"
josh_ods.emotifi_tableau_v,"['agerange_high', 'agerange_low', 'beard_confidence', 'beard_value', 'boundingbox_height', 'boundingbox_left', 'boundingbox_top', 'boundingbox_width', 'confidence', 'emotions_confidence', 'emotions_type', 'eyeglasses_confidence', 'eyeglasses_value', 'eyesopen_confidence', 'eyesopen_value', 'gender_confidence', 'gender_value', 'image_id', 'mouthopen_confidence', 'mouthopen_value', 'mustache_confidence', 'mustache_value', 'pose_pitch', 'pose_roll', 'pose_yaw', 'quality_brightness', 'quality_sharpness', 'rekog_at', 'seed_image_name', 'smile_confidence', 'smile_value', 'sunglasses_confidence', 'sunglasses_value']","{'Ray - Happy': 'https://tableau.everfiapps-dev.net/#/views/emotifi/Ray-Happy', 'Emotifi Dashboard (live)': 'https://tableau.everfiapps-dev.net/#/views/emotifi/EmotifiDashboardlive', 'Ray - Angry': 'https://tableau.everfiapps-dev.net/#/views/emotifi/Ray-Angry', 'Matt - Sad': 'https://tableau.everfiapps-dev.net/#/views/emotifi/Matt-Sad', 'Tom - Happy': 'https://tableau.everfiapps-dev.net/#/views/emotifi/Tom-Happy', 'Sean - Surprised': 'https://tableau.everfiapps-dev.net/#/views/emotifi/Sean-Surprised', 'Average Results Per Emotion (live)': 'https://tableau.everfiapps-dev.net/#/views/emotifi/AverageResultsPerEmotionlive', 'Erik - Sad': 'https://tableau.everfiapps-dev.net/#/views/emotifi/Erik-Sad', 'Gerald - Angry': 'https://tableau.everfiapps-dev.net/#/views/emotifi/Gerald-Angry', 'Nian Li - Happy': 'https://tableau.everfiapps-dev.net/#/views/emotifi/NianLi-Happy', 'Gwen - Calm': 'https://tableau.everfiapps-dev.net/#/views/emotifi/Gwen-Calm', 'Average Results Per Emotion': 'https://tableau.everfiapps-dev.net/#/views/emotifi/AverageResultsPerEmotion', 'Charles - Disgusted': 'https://tableau.everfiapps-dev.net/#/views/emotifi/Charles-Disgusted', 'Emotifi Dashboard (engineers)': 'https://tableau.everfiapps-dev.net/#/views/emotifi/EmotifiDashboardengineers', 'Gerry - Confused': 'https://tableau.everfiapps-dev.net/#/views/emotifi/Gerry-Confused'}"
josh_ods.emotifi_tableau_v,"['agerange_high', 'agerange_low', 'beard_confidence', 'beard_value', 'boundingbox_height', 'boundingbox_left', 'boundingbox_top', 'boundingbox_width', 'confidence', 'emotions_confidence', 'emotions_type', 'eyeglasses_confidence', 'eyeglasses_value', 'eyesopen_confidence', 'eyesopen_value', 'gender_confidence', 'gender_value', 'image_id', 'mouthopen_confidence', 'mouthopen_value', 'mustache_confidence', 'mustache_value', 'pose_pitch', 'pose_roll', 'pose_yaw', 'quality_brightness', 'quality_sharpness', 'rekog_at', 'seed_image_name', 'smile_confidence', 'smile_value', 'sunglasses_confidence', 'sunglasses_value']","{'Ray - Happy': 'https://tableau.everfiapps-dev.net/#/views/emotifi/Ray-Happy', 'Emotifi Dashboard (live)': 'https://tableau.everfiapps-dev.net/#/views/emotifi/EmotifiDashboardlive', 'Ray - Angry': 'https://tableau.everfiapps-dev.net/#/views/emotifi/Ray-Angry', 'Matt - Sad': 'https://tableau.everfiapps-dev.net/#/views/emotifi/Matt-Sad', 'Tom - Happy': 'https://tableau.everfiapps-dev.net/#/views/emotifi/Tom-Happy', 'Sean - Surprised': 'https://tableau.everfiapps-dev.net/#/views/emotifi/Sean-Surprised', 'Average Results Per Emotion (live)': 'https://tableau.everfiapps-dev.net/#/views/emotifi/AverageResultsPerEmotionlive', 'Erik - Sad': 'https://tableau.everfiapps-dev.net/#/views/emotifi/Erik-Sad', 'Gerald - Angry': 'https://tableau.everfiapps-dev.net/#/views/emotifi/Gerald-Angry', 'Nian Li - Happy': 'https://tableau.everfiapps-dev.net/#/views/emotifi/NianLi-Happy', 'Gwen - Calm': 'https://tableau.everfiapps-dev.net/#/views/emotifi/Gwen-Calm', 'Average Results Per Emotion': 'https://tableau.everfiapps-dev.net/#/views/emotifi/AverageResultsPerEmotion', 'Charles - Disgusted': 'https://tableau.everfiapps-dev.net/#/views/emotifi/Charles-Disgusted', 'Emotifi Dashboard (engineers)': 'https://tableau.everfiapps-dev.net/#/views/emotifi/EmotifiDashboardengineers', 'Gerry - Confused': 'https://tableau.everfiapps-dev.net/#/views/emotifi/Gerry-Confused'}"
josh_ods.emotifi_tableau_v,"['agerange_high', 'agerange_low', 'beard_confidence', 'beard_value', 'boundingbox_height', 'boundingbox_left', 'boundingbox_top', 'boundingbox_width', 'confidence', 'emotions_confidence', 'emotions_type', 'eyeglasses_confidence', 'eyeglasses_value', 'eyesopen_confidence', 'eyesopen_value', 'gender_confidence', 'gender_value', 'image_id', 'mouthopen_confidence', 'mouthopen_value', 'mustache_confidence', 'mustache_value', 'pose_pitch', 'pose_roll', 'pose_yaw', 'quality_brightness', 'quality_sharpness', 'rekog_at', 'seed_image_name', 'smile_confidence', 'smile_value', 'sunglasses_confidence', 'sunglasses_value']","{'Ray - Happy': 'https://tableau.everfiapps-dev.net/#/views/emotifi/Ray-Happy', 'Emotifi Dashboard (live)': 'https://tableau.everfiapps-dev.net/#/views/emotifi/EmotifiDashboardlive', 'Ray - Angry': 'https://tableau.everfiapps-dev.net/#/views/emotifi/Ray-Angry', 'Matt - Sad': 'https://tableau.everfiapps-dev.net/#/views/emotifi/Matt-Sad', 'Tom - Happy': 'https://tableau.everfiapps-dev.net/#/views/emotifi/Tom-Happy', 'Sean - Surprised': 'https://tableau.everfiapps-dev.net/#/views/emotifi/Sean-Surprised', 'Average Results Per Emotion (live)': 'https://tableau.everfiapps-dev.net/#/views/emotifi/AverageResultsPerEmotionlive', 'Erik - Sad': 'https://tableau.everfiapps-dev.net/#/views/emotifi/Erik-Sad', 'Gerald - Angry': 'https://tableau.everfiapps-dev.net/#/views/emotifi/Gerald-Angry', 'Nian Li - Happy': 'https://tableau.everfiapps-dev.net/#/views/emotifi/NianLi-Happy', 'Gwen - Calm': 'https://tableau.everfiapps-dev.net/#/views/emotifi/Gwen-Calm', 'Average Results Per Emotion': 'https://tableau.everfiapps-dev.net/#/views/emotifi/AverageResultsPerEmotion', 'Charles - Disgusted': 'https://tableau.everfiapps-dev.net/#/views/emotifi/Charles-Disgusted', 'Emotifi Dashboard (engineers)': 'https://tableau.everfiapps-dev.net/#/views/emotifi/EmotifiDashboardengineers', 'Gerry - Confused': 'https://tableau.everfiapps-dev.net/#/views/emotifi/Gerry-Confused'}"
josh_ods.emotifi_tableau_v,"['agerange_high', 'agerange_low', 'beard_confidence', 'beard_value', 'boundingbox_height', 'boundingbox_left', 'boundingbox_top', 'boundingbox_width', 'confidence', 'emotions_confidence', 'emotions_type', 'eyeglasses_confidence', 'eyeglasses_value', 'eyesopen_confidence', 'eyesopen_value', 'gender_confidence', 'gender_value', 'image_id', 'mouthopen_confidence', 'mouthopen_value', 'mustache_confidence', 'mustache_value', 'pose_pitch', 'pose_roll', 'pose_yaw', 'quality_brightness', 'quality_sharpness', 'rekog_at', 'seed_image_name', 'smile_confidence', 'smile_value', 'sunglasses_confidence', 'sunglasses_value']","{'Ray - Happy': 'https://tableau.everfiapps-dev.net/#/views/emotifi/Ray-Happy', 'Emotifi Dashboard (live)': 'https://tableau.everfiapps-dev.net/#/views/emotifi/EmotifiDashboardlive', 'Ray - Angry': 'https://tableau.everfiapps-dev.net/#/views/emotifi/Ray-Angry', 'Matt - Sad': 'https://tableau.everfiapps-dev.net/#/views/emotifi/Matt-Sad', 'Tom - Happy': 'https://tableau.everfiapps-dev.net/#/views/emotifi/Tom-Happy', 'Sean - Surprised': 'https://tableau.everfiapps-dev.net/#/views/emotifi/Sean-Surprised', 'Average Results Per Emotion (live)': 'https://tableau.everfiapps-dev.net/#/views/emotifi/AverageResultsPerEmotionlive', 'Erik - Sad': 'https://tableau.everfiapps-dev.net/#/views/emotifi/Erik-Sad', 'Gerald - Angry': 'https://tableau.everfiapps-dev.net/#/views/emotifi/Gerald-Angry', 'Nian Li - Happy': 'https://tableau.everfiapps-dev.net/#/views/emotifi/NianLi-Happy', 'Gwen - Calm': 'https://tableau.everfiapps-dev.net/#/views/emotifi/Gwen-Calm', 'Average Results Per Emotion': 'https://tableau.everfiapps-dev.net/#/views/emotifi/AverageResultsPerEmotion', 'Charles - Disgusted': 'https://tableau.everfiapps-dev.net/#/views/emotifi/Charles-Disgusted', 'Emotifi Dashboard (engineers)': 'https://tableau.everfiapps-dev.net/#/views/emotifi/EmotifiDashboardengineers', 'Gerry - Confused': 'https://tableau.everfiapps-dev.net/#/views/emotifi/Gerry-Confused'}"
josh_ods.emotifi_tableau_v,"['agerange_high', 'agerange_low', 'beard_confidence', 'beard_value', 'boundingbox_height', 'boundingbox_left', 'boundingbox_top', 'boundingbox_width', 'confidence', 'emotions_confidence', 'emotions_type', 'eyeglasses_confidence', 'eyeglasses_value', 'eyesopen_confidence', 'eyesopen_value', 'gender_confidence', 'gender_value', 'image_id', 'mouthopen_confidence', 'mouthopen_value', 'mustache_confidence', 'mustache_value', 'pose_pitch', 'pose_roll', 'pose_yaw', 'quality_brightness', 'quality_sharpness', 'rekog_at', 'seed_image_name', 'smile_confidence', 'smile_value', 'sunglasses_confidence', 'sunglasses_value']","{'Ray - Happy': 'https://tableau.everfiapps-dev.net/#/views/emotifi/Ray-Happy', 'Emotifi Dashboard (live)': 'https://tableau.everfiapps-dev.net/#/views/emotifi/EmotifiDashboardlive', 'Ray - Angry': 'https://tableau.everfiapps-dev.net/#/views/emotifi/Ray-Angry', 'Matt - Sad': 'https://tableau.everfiapps-dev.net/#/views/emotifi/Matt-Sad', 'Tom - Happy': 'https://tableau.everfiapps-dev.net/#/views/emotifi/Tom-Happy', 'Sean - Surprised': 'https://tableau.everfiapps-dev.net/#/views/emotifi/Sean-Surprised', 'Average Results Per Emotion (live)': 'https://tableau.everfiapps-dev.net/#/views/emotifi/AverageResultsPerEmotionlive', 'Erik - Sad': 'https://tableau.everfiapps-dev.net/#/views/emotifi/Erik-Sad', 'Gerald - Angry': 'https://tableau.everfiapps-dev.net/#/views/emotifi/Gerald-Angry', 'Nian Li - Happy': 'https://tableau.everfiapps-dev.net/#/views/emotifi/NianLi-Happy', 'Gwen - Calm': 'https://tableau.everfiapps-dev.net/#/views/emotifi/Gwen-Calm', 'Average Results Per Emotion': 'https://tableau.everfiapps-dev.net/#/views/emotifi/AverageResultsPerEmotion', 'Charles - Disgusted': 'https://tableau.everfiapps-dev.net/#/views/emotifi/Charles-Disgusted', 'Emotifi Dashboard (engineers)': 'https://tableau.everfiapps-dev.net/#/views/emotifi/EmotifiDashboardengineers', 'Gerry - Confused': 'https://tableau.everfiapps-dev.net/#/views/emotifi/Gerry-Confused'}"
josh_ods.emotifi_tableau_v,"['agerange_high', 'agerange_low', 'beard_confidence', 'beard_value', 'boundingbox_height', 'boundingbox_left', 'boundingbox_top', 'boundingbox_width', 'confidence', 'emotions_confidence', 'emotions_type', 'eyeglasses_confidence', 'eyeglasses_value', 'eyesopen_confidence', 'eyesopen_value', 'gender_confidence', 'gender_value', 'image_id', 'mouthopen_confidence', 'mouthopen_value', 'mustache_confidence', 'mustache_value', 'pose_pitch', 'pose_roll', 'pose_yaw', 'quality_brightness', 'quality_sharpness', 'rekog_at', 'seed_image_name', 'smile_confidence', 'smile_value', 'sunglasses_confidence', 'sunglasses_value']","{'Ray - Happy': 'https://tableau.everfiapps-dev.net/#/views/emotifi/Ray-Happy', 'Emotifi Dashboard (live)': 'https://tableau.everfiapps-dev.net/#/views/emotifi/EmotifiDashboardlive', 'Ray - Angry': 'https://tableau.everfiapps-dev.net/#/views/emotifi/Ray-Angry', 'Matt - Sad': 'https://tableau.everfiapps-dev.net/#/views/emotifi/Matt-Sad', 'Tom - Happy': 'https://tableau.everfiapps-dev.net/#/views/emotifi/Tom-Happy', 'Sean - Surprised': 'https://tableau.everfiapps-dev.net/#/views/emotifi/Sean-Surprised', 'Average Results Per Emotion (live)': 'https://tableau.everfiapps-dev.net/#/views/emotifi/AverageResultsPerEmotionlive', 'Erik - Sad': 'https://tableau.everfiapps-dev.net/#/views/emotifi/Erik-Sad', 'Gerald - Angry': 'https://tableau.everfiapps-dev.net/#/views/emotifi/Gerald-Angry', 'Nian Li - Happy': 'https://tableau.everfiapps-dev.net/#/views/emotifi/NianLi-Happy', 'Gwen - Calm': 'https://tableau.everfiapps-dev.net/#/views/emotifi/Gwen-Calm', 'Average Results Per Emotion': 'https://tableau.everfiapps-dev.net/#/views/emotifi/AverageResultsPerEmotion', 'Charles - Disgusted': 'https://tableau.everfiapps-dev.net/#/views/emotifi/Charles-Disgusted', 'Emotifi Dashboard (engineers)': 'https://tableau.everfiapps-dev.net/#/views/emotifi/EmotifiDashboardengineers', 'Gerry - Confused': 'https://tableau.everfiapps-dev.net/#/views/emotifi/Gerry-Confused'}"
josh_ods.emotifi_tableau_v,"['agerange_high', 'agerange_low', 'beard_confidence', 'beard_value', 'boundingbox_height', 'boundingbox_left', 'boundingbox_top', 'boundingbox_width', 'confidence', 'emotions_confidence', 'emotions_type', 'eyeglasses_confidence', 'eyeglasses_value', 'eyesopen_confidence', 'eyesopen_value', 'gender_confidence', 'gender_value', 'image_id', 'mouthopen_confidence', 'mouthopen_value', 'mustache_confidence', 'mustache_value', 'pose_pitch', 'pose_roll', 'pose_yaw', 'quality_brightness', 'quality_sharpness', 'rekog_at', 'seed_image_name', 'smile_confidence', 'smile_value', 'sunglasses_confidence', 'sunglasses_value']","{'Ray - Happy': 'https://tableau.everfiapps-dev.net/#/views/emotifi/Ray-Happy', 'Emotifi Dashboard (live)': 'https://tableau.everfiapps-dev.net/#/views/emotifi/EmotifiDashboardlive', 'Ray - Angry': 'https://tableau.everfiapps-dev.net/#/views/emotifi/Ray-Angry', 'Matt - Sad': 'https://tableau.everfiapps-dev.net/#/views/emotifi/Matt-Sad', 'Tom - Happy': 'https://tableau.everfiapps-dev.net/#/views/emotifi/Tom-Happy', 'Sean - Surprised': 'https://tableau.everfiapps-dev.net/#/views/emotifi/Sean-Surprised', 'Average Results Per Emotion (live)': 'https://tableau.everfiapps-dev.net/#/views/emotifi/AverageResultsPerEmotionlive', 'Erik - Sad': 'https://tableau.everfiapps-dev.net/#/views/emotifi/Erik-Sad', 'Gerald - Angry': 'https://tableau.everfiapps-dev.net/#/views/emotifi/Gerald-Angry', 'Nian Li - Happy': 'https://tableau.everfiapps-dev.net/#/views/emotifi/NianLi-Happy', 'Gwen - Calm': 'https://tableau.everfiapps-dev.net/#/views/emotifi/Gwen-Calm', 'Average Results Per Emotion': 'https://tableau.everfiapps-dev.net/#/views/emotifi/AverageResultsPerEmotion', 'Charles - Disgusted': 'https://tableau.everfiapps-dev.net/#/views/emotifi/Charles-Disgusted', 'Emotifi Dashboard (engineers)': 'https://tableau.everfiapps-dev.net/#/views/emotifi/EmotifiDashboardengineers', 'Gerry - Confused': 'https://tableau.everfiapps-dev.net/#/views/emotifi/Gerry-Confused'}"
josh_ods.emotifi_tableau_v,"['agerange_high', 'agerange_low', 'beard_confidence', 'beard_value', 'boundingbox_height', 'boundingbox_left', 'boundingbox_top', 'boundingbox_width', 'confidence', 'emotions_confidence', 'emotions_type', 'eyeglasses_confidence', 'eyeglasses_value', 'eyesopen_confidence', 'eyesopen_value', 'gender_confidence', 'gender_value', 'image_id', 'mouthopen_confidence', 'mouthopen_value', 'mustache_confidence', 'mustache_value', 'pose_pitch', 'pose_roll', 'pose_yaw', 'quality_brightness', 'quality_sharpness', 'rekog_at', 'seed_image_name', 'smile_confidence', 'smile_value', 'sunglasses_confidence', 'sunglasses_value']","{'Ray - Happy': 'https://tableau.everfiapps-dev.net/#/views/emotifi/Ray-Happy', 'Emotifi Dashboard (live)': 'https://tableau.everfiapps-dev.net/#/views/emotifi/EmotifiDashboardlive', 'Ray - Angry': 'https://tableau.everfiapps-dev.net/#/views/emotifi/Ray-Angry', 'Matt - Sad': 'https://tableau.everfiapps-dev.net/#/views/emotifi/Matt-Sad', 'Tom - Happy': 'https://tableau.everfiapps-dev.net/#/views/emotifi/Tom-Happy', 'Sean - Surprised': 'https://tableau.everfiapps-dev.net/#/views/emotifi/Sean-Surprised', 'Average Results Per Emotion (live)': 'https://tableau.everfiapps-dev.net/#/views/emotifi/AverageResultsPerEmotionlive', 'Erik - Sad': 'https://tableau.everfiapps-dev.net/#/views/emotifi/Erik-Sad', 'Gerald - Angry': 'https://tableau.everfiapps-dev.net/#/views/emotifi/Gerald-Angry', 'Nian Li - Happy': 'https://tableau.everfiapps-dev.net/#/views/emotifi/NianLi-Happy', 'Gwen - Calm': 'https://tableau.everfiapps-dev.net/#/views/emotifi/Gwen-Calm', 'Average Results Per Emotion': 'https://tableau.everfiapps-dev.net/#/views/emotifi/AverageResultsPerEmotion', 'Charles - Disgusted': 'https://tableau.everfiapps-dev.net/#/views/emotifi/Charles-Disgusted', 'Emotifi Dashboard (engineers)': 'https://tableau.everfiapps-dev.net/#/views/emotifi/EmotifiDashboardengineers', 'Gerry - Confused': 'https://tableau.everfiapps-dev.net/#/views/emotifi/Gerry-Confused'}"
josh_ods.emotifi_tableau_v,"['agerange_high', 'agerange_low', 'beard_confidence', 'beard_value', 'boundingbox_height', 'boundingbox_left', 'boundingbox_top', 'boundingbox_width', 'confidence', 'emotions_confidence', 'emotions_type', 'eyeglasses_confidence', 'eyeglasses_value', 'eyesopen_confidence', 'eyesopen_value', 'gender_confidence', 'gender_value', 'image_id', 'mouthopen_confidence', 'mouthopen_value', 'mustache_confidence', 'mustache_value', 'pose_pitch', 'pose_roll', 'pose_yaw', 'quality_brightness', 'quality_sharpness', 'rekog_at', 'seed_image_name', 'smile_confidence', 'smile_value', 'sunglasses_confidence', 'sunglasses_value']","{'Ray - Happy': 'https://tableau.everfiapps-dev.net/#/views/emotifi/Ray-Happy', 'Emotifi Dashboard (live)': 'https://tableau.everfiapps-dev.net/#/views/emotifi/EmotifiDashboardlive', 'Ray - Angry': 'https://tableau.everfiapps-dev.net/#/views/emotifi/Ray-Angry', 'Matt - Sad': 'https://tableau.everfiapps-dev.net/#/views/emotifi/Matt-Sad', 'Tom - Happy': 'https://tableau.everfiapps-dev.net/#/views/emotifi/Tom-Happy', 'Sean - Surprised': 'https://tableau.everfiapps-dev.net/#/views/emotifi/Sean-Surprised', 'Average Results Per Emotion (live)': 'https://tableau.everfiapps-dev.net/#/views/emotifi/AverageResultsPerEmotionlive', 'Erik - Sad': 'https://tableau.everfiapps-dev.net/#/views/emotifi/Erik-Sad', 'Gerald - Angry': 'https://tableau.everfiapps-dev.net/#/views/emotifi/Gerald-Angry', 'Nian Li - Happy': 'https://tableau.everfiapps-dev.net/#/views/emotifi/NianLi-Happy', 'Gwen - Calm': 'https://tableau.everfiapps-dev.net/#/views/emotifi/Gwen-Calm', 'Average Results Per Emotion': 'https://tableau.everfiapps-dev.net/#/views/emotifi/AverageResultsPerEmotion', 'Charles - Disgusted': 'https://tableau.everfiapps-dev.net/#/views/emotifi/Charles-Disgusted', 'Emotifi Dashboard (engineers)': 'https://tableau.everfiapps-dev.net/#/views/emotifi/EmotifiDashboardengineers', 'Gerry - Confused': 'https://tableau.everfiapps-dev.net/#/views/emotifi/Gerry-Confused'}"
josh_ods.emotifi_tableau_v,"['agerange_high', 'agerange_low', 'beard_confidence', 'beard_value', 'boundingbox_height', 'boundingbox_left', 'boundingbox_top', 'boundingbox_width', 'confidence', 'emotions_confidence', 'emotions_type', 'eyeglasses_confidence', 'eyeglasses_value', 'eyesopen_confidence', 'eyesopen_value', 'gender_confidence', 'gender_value', 'image_id', 'mouthopen_confidence', 'mouthopen_value', 'mustache_confidence', 'mustache_value', 'pose_pitch', 'pose_roll', 'pose_yaw', 'quality_brightness', 'quality_sharpness', 'rekog_at', 'seed_image_name', 'smile_confidence', 'smile_value', 'sunglasses_confidence', 'sunglasses_value']","{'Ray - Happy': 'https://tableau.everfiapps-dev.net/#/views/emotifi/Ray-Happy', 'Emotifi Dashboard (live)': 'https://tableau.everfiapps-dev.net/#/views/emotifi/EmotifiDashboardlive', 'Ray - Angry': 'https://tableau.everfiapps-dev.net/#/views/emotifi/Ray-Angry', 'Matt - Sad': 'https://tableau.everfiapps-dev.net/#/views/emotifi/Matt-Sad', 'Tom - Happy': 'https://tableau.everfiapps-dev.net/#/views/emotifi/Tom-Happy', 'Sean - Surprised': 'https://tableau.everfiapps-dev.net/#/views/emotifi/Sean-Surprised', 'Average Results Per Emotion (live)': 'https://tableau.everfiapps-dev.net/#/views/emotifi/AverageResultsPerEmotionlive', 'Erik - Sad': 'https://tableau.everfiapps-dev.net/#/views/emotifi/Erik-Sad', 'Gerald - Angry': 'https://tableau.everfiapps-dev.net/#/views/emotifi/Gerald-Angry', 'Nian Li - Happy': 'https://tableau.everfiapps-dev.net/#/views/emotifi/NianLi-Happy', 'Gwen - Calm': 'https://tableau.everfiapps-dev.net/#/views/emotifi/Gwen-Calm', 'Average Results Per Emotion': 'https://tableau.everfiapps-dev.net/#/views/emotifi/AverageResultsPerEmotion', 'Charles - Disgusted': 'https://tableau.everfiapps-dev.net/#/views/emotifi/Charles-Disgusted', 'Emotifi Dashboard (engineers)': 'https://tableau.everfiapps-dev.net/#/views/emotifi/EmotifiDashboardengineers', 'Gerry - Confused': 'https://tableau.everfiapps-dev.net/#/views/emotifi/Gerry-Confused'}"
josh_ods.emotifi_tableau_v,"['agerange_high', 'agerange_low', 'beard_confidence', 'beard_value', 'boundingbox_height', 'boundingbox_left', 'boundingbox_top', 'boundingbox_width', 'confidence', 'emotions_confidence', 'emotions_type', 'eyeglasses_confidence', 'eyeglasses_value', 'eyesopen_confidence', 'eyesopen_value', 'gender_confidence', 'gender_value', 'image_id', 'mouthopen_confidence', 'mouthopen_value', 'mustache_confidence', 'mustache_value', 'pose_pitch', 'pose_roll', 'pose_yaw', 'quality_brightness', 'quality_sharpness', 'rekog_at', 'seed_image_name', 'smile_confidence', 'smile_value', 'sunglasses_confidence', 'sunglasses_value']","{'Ray - Happy': 'https://tableau.everfiapps-dev.net/#/views/emotifi/Ray-Happy', 'Emotifi Dashboard (live)': 'https://tableau.everfiapps-dev.net/#/views/emotifi/EmotifiDashboardlive', 'Ray - Angry': 'https://tableau.everfiapps-dev.net/#/views/emotifi/Ray-Angry', 'Matt - Sad': 'https://tableau.everfiapps-dev.net/#/views/emotifi/Matt-Sad', 'Tom - Happy': 'https://tableau.everfiapps-dev.net/#/views/emotifi/Tom-Happy', 'Sean - Surprised': 'https://tableau.everfiapps-dev.net/#/views/emotifi/Sean-Surprised', 'Average Results Per Emotion (live)': 'https://tableau.everfiapps-dev.net/#/views/emotifi/AverageResultsPerEmotionlive', 'Erik - Sad': 'https://tableau.everfiapps-dev.net/#/views/emotifi/Erik-Sad', 'Gerald - Angry': 'https://tableau.everfiapps-dev.net/#/views/emotifi/Gerald-Angry', 'Nian Li - Happy': 'https://tableau.everfiapps-dev.net/#/views/emotifi/NianLi-Happy', 'Gwen - Calm': 'https://tableau.everfiapps-dev.net/#/views/emotifi/Gwen-Calm', 'Average Results Per Emotion': 'https://tableau.everfiapps-dev.net/#/views/emotifi/AverageResultsPerEmotion', 'Charles - Disgusted': 'https://tableau.everfiapps-dev.net/#/views/emotifi/Charles-Disgusted', 'Emotifi Dashboard (engineers)': 'https://tableau.everfiapps-dev.net/#/views/emotifi/EmotifiDashboardengineers', 'Gerry - Confused': 'https://tableau.everfiapps-dev.net/#/views/emotifi/Gerry-Confused'}"
josh_ods.emotifi_tableau_v,"['agerange_high', 'agerange_low', 'beard_confidence', 'beard_value', 'boundingbox_height', 'boundingbox_left', 'boundingbox_top', 'boundingbox_width', 'confidence', 'emotions_confidence', 'emotions_type', 'eyeglasses_confidence', 'eyeglasses_value', 'eyesopen_confidence', 'eyesopen_value', 'gender_confidence', 'gender_value', 'image_id', 'mouthopen_confidence', 'mouthopen_value', 'mustache_confidence', 'mustache_value', 'pose_pitch', 'pose_roll', 'pose_yaw', 'quality_brightness', 'quality_sharpness', 'rekog_at', 'seed_image_name', 'smile_confidence', 'smile_value', 'sunglasses_confidence', 'sunglasses_value']","{'Ray - Happy': 'https://tableau.everfiapps-dev.net/#/views/emotifi/Ray-Happy', 'Emotifi Dashboard (live)': 'https://tableau.everfiapps-dev.net/#/views/emotifi/EmotifiDashboardlive', 'Ray - Angry': 'https://tableau.everfiapps-dev.net/#/views/emotifi/Ray-Angry', 'Matt - Sad': 'https://tableau.everfiapps-dev.net/#/views/emotifi/Matt-Sad', 'Tom - Happy': 'https://tableau.everfiapps-dev.net/#/views/emotifi/Tom-Happy', 'Sean - Surprised': 'https://tableau.everfiapps-dev.net/#/views/emotifi/Sean-Surprised', 'Average Results Per Emotion (live)': 'https://tableau.everfiapps-dev.net/#/views/emotifi/AverageResultsPerEmotionlive', 'Erik - Sad': 'https://tableau.everfiapps-dev.net/#/views/emotifi/Erik-Sad', 'Gerald - Angry': 'https://tableau.everfiapps-dev.net/#/views/emotifi/Gerald-Angry', 'Nian Li - Happy': 'https://tableau.everfiapps-dev.net/#/views/emotifi/NianLi-Happy', 'Gwen - Calm': 'https://tableau.everfiapps-dev.net/#/views/emotifi/Gwen-Calm', 'Average Results Per Emotion': 'https://tableau.everfiapps-dev.net/#/views/emotifi/AverageResultsPerEmotion', 'Charles - Disgusted': 'https://tableau.everfiapps-dev.net/#/views/emotifi/Charles-Disgusted', 'Emotifi Dashboard (engineers)': 'https://tableau.everfiapps-dev.net/#/views/emotifi/EmotifiDashboardengineers', 'Gerry - Confused': 'https://tableau.everfiapps-dev.net/#/views/emotifi/Gerry-Confused'}"
josh_ods.emotifi_tableau_v,"['agerange_high', 'agerange_low', 'beard_confidence', 'beard_value', 'boundingbox_height', 'boundingbox_left', 'boundingbox_top', 'boundingbox_width', 'confidence', 'emotions_confidence', 'emotions_type', 'eyeglasses_confidence', 'eyeglasses_value', 'eyesopen_confidence', 'eyesopen_value', 'gender_confidence', 'gender_value', 'image_id', 'mouthopen_confidence', 'mouthopen_value', 'mustache_confidence', 'mustache_value', 'pose_pitch', 'pose_roll', 'pose_yaw', 'quality_brightness', 'quality_sharpness', 'rekog_at', 'seed_image_name', 'smile_confidence', 'smile_value', 'sunglasses_confidence', 'sunglasses_value']","{'Ray - Happy': 'https://tableau.everfiapps-dev.net/#/views/emotifi/Ray-Happy', 'Emotifi Dashboard (live)': 'https://tableau.everfiapps-dev.net/#/views/emotifi/EmotifiDashboardlive', 'Ray - Angry': 'https://tableau.everfiapps-dev.net/#/views/emotifi/Ray-Angry', 'Matt - Sad': 'https://tableau.everfiapps-dev.net/#/views/emotifi/Matt-Sad', 'Tom - Happy': 'https://tableau.everfiapps-dev.net/#/views/emotifi/Tom-Happy', 'Sean - Surprised': 'https://tableau.everfiapps-dev.net/#/views/emotifi/Sean-Surprised', 'Average Results Per Emotion (live)': 'https://tableau.everfiapps-dev.net/#/views/emotifi/AverageResultsPerEmotionlive', 'Erik - Sad': 'https://tableau.everfiapps-dev.net/#/views/emotifi/Erik-Sad', 'Gerald - Angry': 'https://tableau.everfiapps-dev.net/#/views/emotifi/Gerald-Angry', 'Nian Li - Happy': 'https://tableau.everfiapps-dev.net/#/views/emotifi/NianLi-Happy', 'Gwen - Calm': 'https://tableau.everfiapps-dev.net/#/views/emotifi/Gwen-Calm', 'Average Results Per Emotion': 'https://tableau.everfiapps-dev.net/#/views/emotifi/AverageResultsPerEmotion', 'Charles - Disgusted': 'https://tableau.everfiapps-dev.net/#/views/emotifi/Charles-Disgusted', 'Emotifi Dashboard (engineers)': 'https://tableau.everfiapps-dev.net/#/views/emotifi/EmotifiDashboardengineers', 'Gerry - Confused': 'https://tableau.everfiapps-dev.net/#/views/emotifi/Gerry-Confused'}"
josh_ods.emotifi_tableau_v,"['agerange_high', 'agerange_low', 'beard_confidence', 'beard_value', 'boundingbox_height', 'boundingbox_left', 'boundingbox_top', 'boundingbox_width', 'confidence', 'emotions_confidence', 'emotions_type', 'eyeglasses_confidence', 'eyeglasses_value', 'eyesopen_confidence', 'eyesopen_value', 'gender_confidence', 'gender_value', 'image_id', 'mouthopen_confidence', 'mouthopen_value', 'mustache_confidence', 'mustache_value', 'pose_pitch', 'pose_roll', 'pose_yaw', 'quality_brightness', 'quality_sharpness', 'rekog_at', 'seed_image_name', 'smile_confidence', 'smile_value', 'sunglasses_confidence', 'sunglasses_value']","{'Ray - Happy': 'https://tableau.everfiapps-dev.net/#/views/emotifi/Ray-Happy', 'Emotifi Dashboard (live)': 'https://tableau.everfiapps-dev.net/#/views/emotifi/EmotifiDashboardlive', 'Ray - Angry': 'https://tableau.everfiapps-dev.net/#/views/emotifi/Ray-Angry', 'Matt - Sad': 'https://tableau.everfiapps-dev.net/#/views/emotifi/Matt-Sad', 'Tom - Happy': 'https://tableau.everfiapps-dev.net/#/views/emotifi/Tom-Happy', 'Sean - Surprised': 'https://tableau.everfiapps-dev.net/#/views/emotifi/Sean-Surprised', 'Average Results Per Emotion (live)': 'https://tableau.everfiapps-dev.net/#/views/emotifi/AverageResultsPerEmotionlive', 'Erik - Sad': 'https://tableau.everfiapps-dev.net/#/views/emotifi/Erik-Sad', 'Gerald - Angry': 'https://tableau.everfiapps-dev.net/#/views/emotifi/Gerald-Angry', 'Nian Li - Happy': 'https://tableau.everfiapps-dev.net/#/views/emotifi/NianLi-Happy', 'Gwen - Calm': 'https://tableau.everfiapps-dev.net/#/views/emotifi/Gwen-Calm', 'Average Results Per Emotion': 'https://tableau.everfiapps-dev.net/#/views/emotifi/AverageResultsPerEmotion', 'Charles - Disgusted': 'https://tableau.everfiapps-dev.net/#/views/emotifi/Charles-Disgusted', 'Emotifi Dashboard (engineers)': 'https://tableau.everfiapps-dev.net/#/views/emotifi/EmotifiDashboardengineers', 'Gerry - Confused': 'https://tableau.everfiapps-dev.net/#/views/emotifi/Gerry-Confused'}"
ods.dim_evaluation_qna_texts,[],{'Winning Solution for POC': 'https://tableau.everfiapps-dev.net/#/views/DoDPOC/WinningSolutionforPOC'}
ods.dim_evaluation_qna_texts,[],{'Winning Solution for POC': 'https://tableau.everfiapps-dev.net/#/views/DoDPOC/WinningSolutionforPOC'}
reporting_data.sponsored_learning_school_course_activities,[],{'CEos': 'https://tableau.everfiapps-dev.net/#/views/CEos-Truist/CEos'}
adminifi_data.organizations,[],{'DownloadAnalytics': 'https://tableau.everfiapps-dev.net/#/views/DownloadAnalyticsProd/DownloadAnalytics'}
homeroom_data.action_plan_item_responses,[],{'Action Plan Dashboard': 'https://tableau.everfiapps-dev.net/#/views/ActionPlanDashboardOrgId/ActionPlanDashboard'}
homeroom_data.action_plan_item_responses,[],{'Action Plan Dashboard': 'https://tableau.everfiapps-dev.net/#/views/ActionPlanDashboardOrgId/ActionPlanDashboard'}
reporting_data.attendee_assessments,"['assessment_type', 'attendee_responses_assessment_slug', 'course_module_post_assessment_slug', 'course_module_pre_assessment_slug', 'cs_content_name', 'cs_content_type', 'engage_course_module_id', 'engage_everfi_content_id', 'engage_response_set_created_at', 'engage_response_set_updated_at', 'evalufi_answer_freetext_value', 'evalufi_answer_id', 'evalufi_answer_text_value', 'evalufi_question_correct_answer', 'evalufi_question_slug', 'evalufi_question_text', 'evalufi_question_type', 'evalufi_response_question_id', 'evalufi_response_set_attempt_number', 'evalufi_response_set_completed_at', 'evalufi_response_set_created_at', 'evalufi_response_set_evaluation_id', 'evalufi_response_set_grading_status', 'evalufi_response_set_status', 'event_id', 'event_isdemo', 'event_title', 'event_topic', 'everfi_content_id', 'response_set_evalufi_grade', 'response_set_id']","{'Events Detail': 'https://tableau.everfiapps-dev.net/#/views/EngageDashboard_0/EventsDetail', 'Engage Dashboard': 'https://tableau.everfiapps-dev.net/#/views/EngageDashboard_0/EngageDashboard'}"
reporting_data.attendee_assessments,"['assessment_type', 'attendee_responses_assessment_slug', 'course_module_post_assessment_slug', 'course_module_pre_assessment_slug', 'cs_content_name', 'cs_content_type', 'engage_course_module_id', 'engage_everfi_content_id', 'engage_response_set_created_at', 'engage_response_set_updated_at', 'evalufi_answer_freetext_value', 'evalufi_answer_id', 'evalufi_answer_text_value', 'evalufi_question_correct_answer', 'evalufi_question_slug', 'evalufi_question_text', 'evalufi_question_type', 'evalufi_response_question_id', 'evalufi_response_set_attempt_number', 'evalufi_response_set_completed_at', 'evalufi_response_set_created_at', 'evalufi_response_set_evaluation_id', 'evalufi_response_set_grading_status', 'evalufi_response_set_status', 'event_id', 'event_isdemo', 'event_title', 'event_topic', 'everfi_content_id', 'response_set_evalufi_grade', 'response_set_id']","{'Events Detail': 'https://tableau.everfiapps-dev.net/#/views/EngageDashboard_0/EventsDetail', 'Engage Dashboard': 'https://tableau.everfiapps-dev.net/#/views/EngageDashboard_0/EngageDashboard'}"
reporting_data_rt.progress_report_data,[],{'Dashboard 1': 'https://tableau.everfiapps-dev.net/#/views/Real-TimePOC/Dashboard1'}
extract.extract,"['category', 'city', 'country/region', 'customer id', 'customer name', 'discount', 'order date', 'order id', 'person', 'postal code', 'product id', 'product name', 'profit', 'quantity', 'region', 'returned', 'row id', 'sales', 'segment', 'ship date', 'ship mode', 'state', 'sub-category']",{'Overview': 'https://tableau.everfiapps-dev.net/#/views/Superstore_16148740014950/Overview'}
metrics_data.redshift_tables_info,[],{'Schema Analysis': 'https://tableau.everfiapps-dev.net/#/views/SchemaAnalysis/SchemaAnalysis'}
content_service_data.progress_user_assignments,[],{'Activity Snapshot': 'https://tableau.everfiapps-dev.net/#/views/ActivitySnapshot_0/ActivitySnapshot'}
team_rls,[],{'Course Progress': 'https://tableau.everfiapps-dev.net/#/views/UserReport/CourseProgress'}
reporting_data.engagement_activities_playlist_level,[],{'Elective Learning Engagement': 'https://tableau.everfiapps-dev.net/#/views/ElectiveLearningActivitySummaryBeta/ElectiveLearningEngagement'}
reporting_data.engagement_activities_playlist_level,[],{'Elective Learning Engagement': 'https://tableau.everfiapps-dev.net/#/views/ElectiveLearningActivitySummaryBeta/ElectiveLearningEngagement'}
content_service_data.assignments,[],{'Activity Snapshot': 'https://tableau.everfiapps-dev.net/#/views/ActivitySnapshot_0/ActivitySnapshot'}
ods_static_data.dim_dates,"['date', 'date_key', 'day', 'day_of_week', 'first_of_month', 'month', 'month_name', 'quarter', 'week', 'weekday_name', 'year', 'year_of_week']",{'visits': 'https://tableau.everfiapps-dev.net/#/views/SiteTrafficDistributionstabpy/visits'}
tableautrackerid,"['dashboardname', 'data_appliedvalues_formattedvalue', 'data_appliedvalues_value', 'data_document_location', 'data_document_referer', 'data_fieldname', 'data_filtertype', 'data_includenullvales', 'data_isexcludemode', 'data_maxvalue_formattedvalue', 'data_maxvalue_value', 'data_minvalue_formattedvalue', 'data_minvalue_value', 'data_settings_deploymentid', 'data_sheet', 'data_window_height', 'data_window_width', 'deploymentid', 'kind', 'recordedat', 'sourceid', 'sourcesequenceid', 'workbookname']","{'Dashboard interaction details ': 'https://tableau.everfiapps-dev.net/#/views/TableauTracker/Dashboardinteractiondetails', 'Filter interaction details': 'https://tableau.everfiapps-dev.net/#/views/TableauTracker/Filterinteractiondetails'}"
tableautrackerid,"['dashboardname', 'data_appliedvalues_formattedvalue', 'data_appliedvalues_value', 'data_document_location', 'data_document_referer', 'data_fieldname', 'data_filtertype', 'data_includenullvales', 'data_isexcludemode', 'data_maxvalue_formattedvalue', 'data_maxvalue_value', 'data_minvalue_formattedvalue', 'data_minvalue_value', 'data_settings_deploymentid', 'data_sheet', 'data_window_height', 'data_window_width', 'deploymentid', 'kind', 'recordedat', 'sourceid', 'sourcesequenceid', 'workbookname']","{'Dashboard interaction details ': 'https://tableau.everfiapps-dev.net/#/views/TableauTracker/Dashboardinteractiondetails', 'Filter interaction details': 'https://tableau.everfiapps-dev.net/#/views/TableauTracker/Filterinteractiondetails'}"
homeroom_data.users,[],{'Action Plan Dashboard': 'https://tableau.everfiapps-dev.net/#/views/ActionPlanDashboardOrgId/ActionPlanDashboard'}
homeroom_data.users,[],{'Action Plan Dashboard': 'https://tableau.everfiapps-dev.net/#/views/ActionPlanDashboardOrgId/ActionPlanDashboard'}
reporting_data.content_engagement_activity_report_data,[],{'Elective Learning Engagement': 'https://tableau.everfiapps-dev.net/#/views/ElectiveLearningActivitySummaryBeta/ElectiveLearningEngagement'}
reporting_data.content_engagement_activity_report_data,[],{'Elective Learning Engagement': 'https://tableau.everfiapps-dev.net/#/views/ElectiveLearningActivitySummaryBeta/ElectiveLearningEngagement'}
empty$,['empty'],{'Empty': 'https://tableau.everfiapps-dev.net/#/views/AuthenticationDashboard/Empty'}
reporting_data.evaluation_activity,[],"{'Dashboard': 'https://tableau.everfiapps-dev.net/#/views/YOYDash/Dashboard', 'Survey Data (Searchable DoD)': 'https://tableau.everfiapps-dev.net/#/views/SurveyResultsDoD/SurveyDataSearchableDoD'}"
reporting_data.evaluation_activity,[],"{'Dashboard': 'https://tableau.everfiapps-dev.net/#/views/YOYDash/Dashboard', 'Survey Data (Searchable DoD)': 'https://tableau.everfiapps-dev.net/#/views/SurveyResultsDoD/SurveyDataSearchableDoD'}"
ods.fact_atwork_program_visit_activities,"['bounced_visits', 'date_key', 'guest_users', 'interstitial_link_clicks', 'interstitial_page_views', 'module_page_views', 'no_user_visit', 'organization_key', 'program_key', 'sourcesystem_id', 'user_partner_key', 'visit_events', 'visit_internal_visit', 'visit_region', 'visits', 'visits_with_interstitial_link_clicks', 'visits_with_interstitial_page_views']",{'visits': 'https://tableau.everfiapps-dev.net/#/views/SiteTrafficDistributionstabpy/visits'}
reporting_data.assessments_report_data,[],{'Assessment Report': 'https://tableau.everfiapps-dev.net/#/views/AssessmentsReport-Snowflake/AssessmentReport'}
content_service_data.progress,[],{'Activity Snapshot': 'https://tableau.everfiapps-dev.net/#/views/ActivitySnapshot_0/ActivitySnapshot'}
homeroom_data.cohorts,[],{'Action Plan Dashboard': 'https://tableau.everfiapps-dev.net/#/views/ActionPlanDashboardOrgId/ActionPlanDashboard'}
homeroom_data.cohorts,[],{'Action Plan Dashboard': 'https://tableau.everfiapps-dev.net/#/views/ActionPlanDashboardOrgId/ActionPlanDashboard'}
reporting_data.teams_admin_lookup,[],"{'Elective Learning Engagement': 'https://tableau.everfiapps-dev.net/#/views/ElectiveLearningActivitySummaryBeta/ElectiveLearningEngagement', 'Elective Learning Traffic': 'https://tableau.everfiapps-dev.net/#/views/ElectiveLearningActivitySummary/ElectiveLearningTraffic', 'Incentive Activity': 'https://tableau.everfiapps-dev.net/#/views/IncentiveActivityDashboard_15844792191920/IncentiveActivity'}"
reporting_data.teams_admin_lookup,[],"{'Elective Learning Engagement': 'https://tableau.everfiapps-dev.net/#/views/ElectiveLearningActivitySummaryBeta/ElectiveLearningEngagement', 'Elective Learning Traffic': 'https://tableau.everfiapps-dev.net/#/views/ElectiveLearningActivitySummary/ElectiveLearningTraffic', 'Incentive Activity': 'https://tableau.everfiapps-dev.net/#/views/IncentiveActivityDashboard_15844792191920/IncentiveActivity'}"
reporting_data.teams_admin_lookup,[],"{'Elective Learning Engagement': 'https://tableau.everfiapps-dev.net/#/views/ElectiveLearningActivitySummaryBeta/ElectiveLearningEngagement', 'Elective Learning Traffic': 'https://tableau.everfiapps-dev.net/#/views/ElectiveLearningActivitySummary/ElectiveLearningTraffic', 'Incentive Activity': 'https://tableau.everfiapps-dev.net/#/views/IncentiveActivityDashboard_15844792191920/IncentiveActivity'}"
reporting_data.teams_admin_lookup,[],"{'Elective Learning Engagement': 'https://tableau.everfiapps-dev.net/#/views/ElectiveLearningActivitySummaryBeta/ElectiveLearningEngagement', 'Elective Learning Traffic': 'https://tableau.everfiapps-dev.net/#/views/ElectiveLearningActivitySummary/ElectiveLearningTraffic', 'Incentive Activity': 'https://tableau.everfiapps-dev.net/#/views/IncentiveActivityDashboard_15844792191920/IncentiveActivity'}"
reporting_data.teams_admin_lookup,[],"{'Elective Learning Engagement': 'https://tableau.everfiapps-dev.net/#/views/ElectiveLearningActivitySummaryBeta/ElectiveLearningEngagement', 'Elective Learning Traffic': 'https://tableau.everfiapps-dev.net/#/views/ElectiveLearningActivitySummary/ElectiveLearningTraffic', 'Incentive Activity': 'https://tableau.everfiapps-dev.net/#/views/IncentiveActivityDashboard_15844792191920/IncentiveActivity'}"
reporting_data.teams_admin_lookup,[],"{'Elective Learning Engagement': 'https://tableau.everfiapps-dev.net/#/views/ElectiveLearningActivitySummaryBeta/ElectiveLearningEngagement', 'Elective Learning Traffic': 'https://tableau.everfiapps-dev.net/#/views/ElectiveLearningActivitySummary/ElectiveLearningTraffic', 'Incentive Activity': 'https://tableau.everfiapps-dev.net/#/views/IncentiveActivityDashboard_15844792191920/IncentiveActivity'}"
reporting_data.teams_admin_lookup,[],"{'Elective Learning Engagement': 'https://tableau.everfiapps-dev.net/#/views/ElectiveLearningActivitySummaryBeta/ElectiveLearningEngagement', 'Elective Learning Traffic': 'https://tableau.everfiapps-dev.net/#/views/ElectiveLearningActivitySummary/ElectiveLearningTraffic', 'Incentive Activity': 'https://tableau.everfiapps-dev.net/#/views/IncentiveActivityDashboard_15844792191920/IncentiveActivity'}"
reporting_data.teams_admin_lookup,[],"{'Elective Learning Engagement': 'https://tableau.everfiapps-dev.net/#/views/ElectiveLearningActivitySummaryBeta/ElectiveLearningEngagement', 'Elective Learning Traffic': 'https://tableau.everfiapps-dev.net/#/views/ElectiveLearningActivitySummary/ElectiveLearningTraffic', 'Incentive Activity': 'https://tableau.everfiapps-dev.net/#/views/IncentiveActivityDashboard_15844792191920/IncentiveActivity'}"
reporting_data.teams_admin_lookup,[],"{'Elective Learning Engagement': 'https://tableau.everfiapps-dev.net/#/views/ElectiveLearningActivitySummaryBeta/ElectiveLearningEngagement', 'Elective Learning Traffic': 'https://tableau.everfiapps-dev.net/#/views/ElectiveLearningActivitySummary/ElectiveLearningTraffic', 'Incentive Activity': 'https://tableau.everfiapps-dev.net/#/views/IncentiveActivityDashboard_15844792191920/IncentiveActivity'}"
reporting_data.teams_admin_lookup,[],"{'Elective Learning Engagement': 'https://tableau.everfiapps-dev.net/#/views/ElectiveLearningActivitySummaryBeta/ElectiveLearningEngagement', 'Elective Learning Traffic': 'https://tableau.everfiapps-dev.net/#/views/ElectiveLearningActivitySummary/ElectiveLearningTraffic', 'Incentive Activity': 'https://tableau.everfiapps-dev.net/#/views/IncentiveActivityDashboard_15844792191920/IncentiveActivity'}"
reporting_data.teams_admin_lookup,[],"{'Elective Learning Engagement': 'https://tableau.everfiapps-dev.net/#/views/ElectiveLearningActivitySummaryBeta/ElectiveLearningEngagement', 'Elective Learning Traffic': 'https://tableau.everfiapps-dev.net/#/views/ElectiveLearningActivitySummary/ElectiveLearningTraffic', 'Incentive Activity': 'https://tableau.everfiapps-dev.net/#/views/IncentiveActivityDashboard_15844792191920/IncentiveActivity'}"
reporting_data.teams_admin_lookup,[],"{'Elective Learning Engagement': 'https://tableau.everfiapps-dev.net/#/views/ElectiveLearningActivitySummaryBeta/ElectiveLearningEngagement', 'Elective Learning Traffic': 'https://tableau.everfiapps-dev.net/#/views/ElectiveLearningActivitySummary/ElectiveLearningTraffic', 'Incentive Activity': 'https://tableau.everfiapps-dev.net/#/views/IncentiveActivityDashboard_15844792191920/IncentiveActivity'}"
reporting_data.teams_admin_lookup,[],"{'Elective Learning Engagement': 'https://tableau.everfiapps-dev.net/#/views/ElectiveLearningActivitySummaryBeta/ElectiveLearningEngagement', 'Elective Learning Traffic': 'https://tableau.everfiapps-dev.net/#/views/ElectiveLearningActivitySummary/ElectiveLearningTraffic', 'Incentive Activity': 'https://tableau.everfiapps-dev.net/#/views/IncentiveActivityDashboard_15844792191920/IncentiveActivity'}"
homeroom_data.content_modules,[],{'Action Plan Dashboard': 'https://tableau.everfiapps-dev.net/#/views/ActionPlanDashboardOrgId/ActionPlanDashboard'}
homeroom_data.content_modules,[],{'Action Plan Dashboard': 'https://tableau.everfiapps-dev.net/#/views/ActionPlanDashboardOrgId/ActionPlanDashboard'}
reporting_data.incentive_activities_program_user_qna_report_data,[],{'Incentive Activity': 'https://tableau.everfiapps-dev.net/#/views/IncentiveActivityDashboard_15844792191920/IncentiveActivity'}
security_table,[],{'Assessment Report': 'https://tableau.everfiapps-dev.net/#/views/AssessmentsReport-Snowflake/AssessmentReport'}
metrics_data.postgres_tables_info,[],{'Schema Analysis': 'https://tableau.everfiapps-dev.net/#/views/SchemaAnalysis/SchemaAnalysis'}
ods.fact_evaluations_activity,[],{'Winning Solution for POC': 'https://tableau.everfiapps-dev.net/#/views/DoDPOC/WinningSolutionforPOC'}
ods.fact_evaluations_activity,[],{'Winning Solution for POC': 'https://tableau.everfiapps-dev.net/#/views/DoDPOC/WinningSolutionforPOC'}
adminifi_data.datafi_exports,[],{'DownloadAnalytics': 'https://tableau.everfiapps-dev.net/#/views/DownloadAnalytics/DownloadAnalytics'}
ods.fact_atwork_module_clickstream_activities,"['button_click', 'content_key', 'date_key', 'interstitial_clicks', 'module_page_click', 'organization_key', 'pages_count', 'playlist_key', 'program_key', 'sourcesystem_id', 'total_clicks', 'total_time', 'visit_count', 'visit_key']",{'@Work Module Activity': 'https://tableau.everfiapps-dev.net/#/views/SingleChartbyTopic/WorkModuleActivity'}
reporting_data.elective_learning_user_report,[],{'Course Progress': 'https://tableau.everfiapps-dev.net/#/views/UserReport/CourseProgress'}
reporting_data.assigned_learning_evaluation_benchmark,[],{'Dashboard': 'https://tableau.everfiapps-dev.net/#/views/SurveyRepeater-LocalTest/Dashboard'}
homeroom_data.content_module_translations,[],{'Action Plan Dashboard': 'https://tableau.everfiapps-dev.net/#/views/ActionPlanDashboardOrgId/ActionPlanDashboard'}
homeroom_data.content_module_translations,[],{'Action Plan Dashboard': 'https://tableau.everfiapps-dev.net/#/views/ActionPlanDashboardOrgId/ActionPlanDashboard'}
homeroom_data.implementation_periods,[],{'CEos': 'https://tableau.everfiapps-dev.net/#/views/CEos-Truist/CEos'}
extract.extract,"['order date', 'region', 'sales', 'sales person']",{'Commission Model': 'https://tableau.everfiapps-dev.net/#/views/'}
ods_static_data.dim_dates,"['date', 'date_key', 'day', 'day_of_week', 'day_of_year', 'last_date_of_month', 'month', 'month_name', 'quarter', 'week', 'weekday_name', 'year']","{'Knowledge Gain': 'https://tableau.everfiapps-dev.net/#/views/LearnerResponseAnalysisKnowledgeGain/KnowledgeGain', 'Overview': 'https://tableau.everfiapps-dev.net/#/views/LearnerResponseAnalysisKnowledgeGain/Overview'}"
ods_static_data.dim_dates,"['date', 'date_key', 'day', 'day_of_week', 'day_of_year', 'last_date_of_month', 'month', 'month_name', 'quarter', 'week', 'weekday_name', 'year']","{'Knowledge Gain': 'https://tableau.everfiapps-dev.net/#/views/LearnerResponseAnalysisKnowledgeGain/KnowledgeGain', 'Overview': 'https://tableau.everfiapps-dev.net/#/views/LearnerResponseAnalysisKnowledgeGain/Overview'}"
ods.dim_evalufi_sections,[],{'Winning Solution for POC': 'https://tableau.everfiapps-dev.net/#/views/DoDPOC/WinningSolutionforPOC'}
ods.dim_evalufi_sections,[],{'Winning Solution for POC': 'https://tableau.everfiapps-dev.net/#/views/DoDPOC/WinningSolutionforPOC'}
tsu,[],{'Dashboard': 'https://tableau.everfiapps-dev.net/#/views/SurveyRepeater/Dashboard'}
tsu,[],{'Dashboard': 'https://tableau.everfiapps-dev.net/#/views/SurveyRepeater/Dashboard'}
tsu,[],{'Dashboard': 'https://tableau.everfiapps-dev.net/#/views/SurveyRepeater/Dashboard'}
tsu,[],{'Dashboard': 'https://tableau.everfiapps-dev.net/#/views/SurveyRepeater/Dashboard'}
tsu,[],{'Dashboard': 'https://tableau.everfiapps-dev.net/#/views/SurveyRepeater/Dashboard'}
tsu,[],{'Dashboard': 'https://tableau.everfiapps-dev.net/#/views/SurveyRepeater/Dashboard'}
tsu,[],{'Dashboard': 'https://tableau.everfiapps-dev.net/#/views/SurveyRepeater/Dashboard'}
tsu,[],{'Dashboard': 'https://tableau.everfiapps-dev.net/#/views/SurveyRepeater/Dashboard'}
reporting_data.ceos_sponsored_learning_enrollment_activities,[],"{'Impact Dashboard': 'https://tableau.everfiapps-dev.net/#/views/ImpactDashboard/ImpactDashboard', 'Report Builder': 'https://tableau.everfiapps-dev.net/#/views/ReportBuilder/ReportBuilder'}"
reporting_data.ceos_sponsored_learning_enrollment_activities,[],"{'Impact Dashboard': 'https://tableau.everfiapps-dev.net/#/views/ImpactDashboard/ImpactDashboard', 'Report Builder': 'https://tableau.everfiapps-dev.net/#/views/ReportBuilder/ReportBuilder'}"
homeroom_data.schools,[],{'Action Plan Dashboard': 'https://tableau.everfiapps-dev.net/#/views/ActionPlanDashboardOrgId/ActionPlanDashboard'}
homeroom_data.schools,[],{'Action Plan Dashboard': 'https://tableau.everfiapps-dev.net/#/views/ActionPlanDashboardOrgId/ActionPlanDashboard'}
action_plan_item,[],{'Action Plan Dashboard': 'https://tableau.everfiapps-dev.net/#/views/ActionPlanDashboardOrgId/ActionPlanDashboard'}
action_plan_item,[],{'Action Plan Dashboard': 'https://tableau.everfiapps-dev.net/#/views/ActionPlanDashboardOrgId/ActionPlanDashboard'}
ods.dim_contents,"['content_create_date', 'content_curriculum_id', 'content_id', 'content_isactive', 'content_key', 'content_title', 'content_type', 'content_update_date', 'content_uuid', 'sourcesystem_id']",{'@Work Module Activity': 'https://tableau.everfiapps-dev.net/#/views/SingleChartbyTopic/WorkModuleActivity'}
reference_data.user_lob_team_admin,[],{'Student Engagement': 'https://tableau.everfiapps-dev.net/#/views/StudentEngagementDashboard/StudentEngagement'}
reporting_data.events_activity,"['account_id', 'account_name', 'account_organization_uuid', 'account_sf_id', 'attendees_count', 'attendees_lmi_qualification_not_applicable_count', 'attendees_lmi_qualification_self_reported_income_count', 'attendees_lmi_qualification_venue_income_level_count', 'engage_account_created_at', 'engage_account_enabled', 'event_cancellation_reason', 'event_cancelled_at', 'event_desired_volunteer_count', 'event_end_time', 'event_end_time_local', 'event_id', 'event_isdemo', 'event_lead_volunteer_count', 'event_lead_volunteer_email', 'event_lead_volunteer_full_name', 'event_length_hrs', 'event_location_name', 'event_manual_attendee_count', 'event_non_lead_volunteer_count', 'event_post_assessments_completed_count', 'event_pre_assessments_completed_count', 'event_start_time', 'event_start_time_local', 'event_time_zone', 'event_time_zone_abbreviation', 'event_title', 'event_topic', 'event_type', 'event_venue_area', 'event_venue_capacity', 'event_venue_formatted_address', 'event_venue_is_lmi', 'event_venue_location_county_name', 'event_venue_location_latitude', 'event_venue_location_longitude', 'event_venue_location_postal_code', 'event_venue_title', 'lead_volunteer_total_hours', 'lmi_attendees_count', 'non_lead_volunteer_total_hours', 'partner_contact_email', 'partner_contact_name', 'partner_contact_phone', 'partner_mission', 'partner_name', 'partner_serves_lmi', 'reservations_count']","{'Attendees Detail': 'https://tableau.everfiapps-dev.net/#/views/EngageDashboard_0/AttendeesDetail', 'Facilitators Detail': 'https://tableau.everfiapps-dev.net/#/views/EngageDashboard_0/FacilitatorsDetail', 'Events Detail': 'https://tableau.everfiapps-dev.net/#/views/EngageDashboard_0/EventsDetail', 'Engage Dashboard': 'https://tableau.everfiapps-dev.net/#/views/EngageDashboard_0/EngageDashboard'}"
reporting_data.events_activity,"['account_id', 'account_name', 'account_organization_uuid', 'account_sf_id', 'attendees_count', 'attendees_lmi_qualification_not_applicable_count', 'attendees_lmi_qualification_self_reported_income_count', 'attendees_lmi_qualification_venue_income_level_count', 'engage_account_created_at', 'engage_account_enabled', 'event_cancellation_reason', 'event_cancelled_at', 'event_desired_volunteer_count', 'event_end_time', 'event_end_time_local', 'event_id', 'event_isdemo', 'event_lead_volunteer_count', 'event_lead_volunteer_email', 'event_lead_volunteer_full_name', 'event_length_hrs', 'event_location_name', 'event_manual_attendee_count', 'event_non_lead_volunteer_count', 'event_post_assessments_completed_count', 'event_pre_assessments_completed_count', 'event_start_time', 'event_start_time_local', 'event_time_zone', 'event_time_zone_abbreviation', 'event_title', 'event_topic', 'event_type', 'event_venue_area', 'event_venue_capacity', 'event_venue_formatted_address', 'event_venue_is_lmi', 'event_venue_location_county_name', 'event_venue_location_latitude', 'event_venue_location_longitude', 'event_venue_location_postal_code', 'event_venue_title', 'lead_volunteer_total_hours', 'lmi_attendees_count', 'non_lead_volunteer_total_hours', 'partner_contact_email', 'partner_contact_name', 'partner_contact_phone', 'partner_mission', 'partner_name', 'partner_serves_lmi', 'reservations_count']","{'Attendees Detail': 'https://tableau.everfiapps-dev.net/#/views/EngageDashboard_0/AttendeesDetail', 'Facilitators Detail': 'https://tableau.everfiapps-dev.net/#/views/EngageDashboard_0/FacilitatorsDetail', 'Events Detail': 'https://tableau.everfiapps-dev.net/#/views/EngageDashboard_0/EventsDetail', 'Engage Dashboard': 'https://tableau.everfiapps-dev.net/#/views/EngageDashboard_0/EngageDashboard'}"
reporting_data.events_activity,"['account_id', 'account_name', 'account_organization_uuid', 'account_sf_id', 'attendees_count', 'attendees_lmi_qualification_not_applicable_count', 'attendees_lmi_qualification_self_reported_income_count', 'attendees_lmi_qualification_venue_income_level_count', 'engage_account_created_at', 'engage_account_enabled', 'event_cancellation_reason', 'event_cancelled_at', 'event_desired_volunteer_count', 'event_end_time', 'event_end_time_local', 'event_id', 'event_isdemo', 'event_lead_volunteer_count', 'event_lead_volunteer_email', 'event_lead_volunteer_full_name', 'event_length_hrs', 'event_location_name', 'event_manual_attendee_count', 'event_non_lead_volunteer_count', 'event_post_assessments_completed_count', 'event_pre_assessments_completed_count', 'event_start_time', 'event_start_time_local', 'event_time_zone', 'event_time_zone_abbreviation', 'event_title', 'event_topic', 'event_type', 'event_venue_area', 'event_venue_capacity', 'event_venue_formatted_address', 'event_venue_is_lmi', 'event_venue_location_county_name', 'event_venue_location_latitude', 'event_venue_location_longitude', 'event_venue_location_postal_code', 'event_venue_title', 'lead_volunteer_total_hours', 'lmi_attendees_count', 'non_lead_volunteer_total_hours', 'partner_contact_email', 'partner_contact_name', 'partner_contact_phone', 'partner_mission', 'partner_name', 'partner_serves_lmi', 'reservations_count']","{'Attendees Detail': 'https://tableau.everfiapps-dev.net/#/views/EngageDashboard_0/AttendeesDetail', 'Facilitators Detail': 'https://tableau.everfiapps-dev.net/#/views/EngageDashboard_0/FacilitatorsDetail', 'Events Detail': 'https://tableau.everfiapps-dev.net/#/views/EngageDashboard_0/EventsDetail', 'Engage Dashboard': 'https://tableau.everfiapps-dev.net/#/views/EngageDashboard_0/EngageDashboard'}"
reporting_data.events_activity,"['account_id', 'account_name', 'account_organization_uuid', 'account_sf_id', 'attendees_count', 'attendees_lmi_qualification_not_applicable_count', 'attendees_lmi_qualification_self_reported_income_count', 'attendees_lmi_qualification_venue_income_level_count', 'engage_account_created_at', 'engage_account_enabled', 'event_cancellation_reason', 'event_cancelled_at', 'event_desired_volunteer_count', 'event_end_time', 'event_end_time_local', 'event_id', 'event_isdemo', 'event_lead_volunteer_count', 'event_lead_volunteer_email', 'event_lead_volunteer_full_name', 'event_length_hrs', 'event_location_name', 'event_manual_attendee_count', 'event_non_lead_volunteer_count', 'event_post_assessments_completed_count', 'event_pre_assessments_completed_count', 'event_start_time', 'event_start_time_local', 'event_time_zone', 'event_time_zone_abbreviation', 'event_title', 'event_topic', 'event_type', 'event_venue_area', 'event_venue_capacity', 'event_venue_formatted_address', 'event_venue_is_lmi', 'event_venue_location_county_name', 'event_venue_location_latitude', 'event_venue_location_longitude', 'event_venue_location_postal_code', 'event_venue_title', 'lead_volunteer_total_hours', 'lmi_attendees_count', 'non_lead_volunteer_total_hours', 'partner_contact_email', 'partner_contact_name', 'partner_contact_phone', 'partner_mission', 'partner_name', 'partner_serves_lmi', 'reservations_count']","{'Attendees Detail': 'https://tableau.everfiapps-dev.net/#/views/EngageDashboard_0/AttendeesDetail', 'Facilitators Detail': 'https://tableau.everfiapps-dev.net/#/views/EngageDashboard_0/FacilitatorsDetail', 'Events Detail': 'https://tableau.everfiapps-dev.net/#/views/EngageDashboard_0/EventsDetail', 'Engage Dashboard': 'https://tableau.everfiapps-dev.net/#/views/EngageDashboard_0/EngageDashboard'}"
reporting_data.sponsored_learning_school_course_activities,[],{'CEos': 'https://tableau.everfiapps-dev.net/#/views/CEos-Staging/CEos'}
reporting_data.progress_report_data,[],"{'progress-record-count-by-org': 'https://tableau.everfiapps-dev.net/#/views/progressdashboarddownloadtestseperatedashboard_16217189718650/progress-record-count-by-org', 'Dashboard 1': 'https://tableau.everfiapps-dev.net/#/views/MyFirstExtension/Dashboard1'}"
reporting_data.progress_report_data,[],"{'progress-record-count-by-org': 'https://tableau.everfiapps-dev.net/#/views/progressdashboarddownloadtestseperatedashboard_16217189718650/progress-record-count-by-org', 'Dashboard 1': 'https://tableau.everfiapps-dev.net/#/views/MyFirstExtension/Dashboard1'}"
evalufi_data.sections,[],{'Dashboard': 'https://tableau.everfiapps-dev.net/#/views/SurveyRepeater/Dashboard'}
evalufi_data.sections,[],{'Dashboard': 'https://tableau.everfiapps-dev.net/#/views/SurveyRepeater/Dashboard'}
evalufi_data.sections,[],{'Dashboard': 'https://tableau.everfiapps-dev.net/#/views/SurveyRepeater/Dashboard'}
reporting_data.elective_learning_notification_activity,[],{'Email Summary (Elective Learning)': 'https://tableau.everfiapps-dev.net/#/views/EmailActivityElectiveLearning/EmailSummaryElectiveLearning'}
adminifi_data.capabilities,[],{'Activity Snapshot': 'https://tableau.everfiapps-dev.net/#/views/ActivitySnapshot_0/ActivitySnapshot'}
rls_data.rls_sponsored_learning_k12_executive_user,[],"{'Impact Dashboard': 'https://tableau.everfiapps-dev.net/#/views/ImpactDashboard/ImpactDashboard', 'Report Builder': 'https://tableau.everfiapps-dev.net/#/views/ReportBuilder/ReportBuilder'}"
rls_data.rls_sponsored_learning_k12_executive_user,[],"{'Impact Dashboard': 'https://tableau.everfiapps-dev.net/#/views/ImpactDashboard/ImpactDashboard', 'Report Builder': 'https://tableau.everfiapps-dev.net/#/views/ReportBuilder/ReportBuilder'}"
reporting_data.volunteer_activity_table,"['account_id', 'age', 'employer_name', 'engage_account_id', 'engage_account_organization_uuid', 'engage_users_uid', 'event_attendee_business_name', 'event_attendee_business_zip', 'event_attendee_contact_followup', 'event_attendee_contact_methods', 'event_attendee_contact_phone', 'event_attendee_contact_promotional', 'event_attendee_home_phone', 'event_attendee_is_lmi', 'event_attendee_lmi_qualification', 'event_duration', 'event_end_time', 'event_end_time_local', 'event_id', 'event_isdemo', 'event_manual_attendee_count', 'event_partner_name', 'event_partner_serves_lmi', 'event_role', 'event_setup_duration', 'event_start_time_local', 'event_time_zone', 'event_time_zone_abbreviation', 'event_title', 'event_topic', 'event_user_business_email', 'event_user_contact_email', 'event_user_isemployee', 'event_user_media_consent', 'event_user_notes', 'event_user_sign_in_count', 'event_user_title', 'event_users_checked_in', 'event_venue_census_tract', 'event_venue_census_tract_med_family_income', 'event_venue_formatted_address', 'event_venue_location_area', 'event_venue_postal_code', 'event_venue_title', 'events_start_time', 'evidence_capture_duration', 'first_name', 'gender', 'home_zip', 'income_level', 'last_name', 'other_duration', 'preparation_duration', 'user_work_location_formatted_address', 'user_work_location_name', 'work_location_islmi', 'work_location_name']","{'Attendees Detail': 'https://tableau.everfiapps-dev.net/#/views/EngageDashboard_0/AttendeesDetail', 'Facilitators Detail': 'https://tableau.everfiapps-dev.net/#/views/EngageDashboard_0/FacilitatorsDetail', 'Engage Dashboard': 'https://tableau.everfiapps-dev.net/#/views/EngageDashboard_0/EngageDashboard'}"
reporting_data.volunteer_activity_table,"['account_id', 'age', 'employer_name', 'engage_account_id', 'engage_account_organization_uuid', 'engage_users_uid', 'event_attendee_business_name', 'event_attendee_business_zip', 'event_attendee_contact_followup', 'event_attendee_contact_methods', 'event_attendee_contact_phone', 'event_attendee_contact_promotional', 'event_attendee_home_phone', 'event_attendee_is_lmi', 'event_attendee_lmi_qualification', 'event_duration', 'event_end_time', 'event_end_time_local', 'event_id', 'event_isdemo', 'event_manual_attendee_count', 'event_partner_name', 'event_partner_serves_lmi', 'event_role', 'event_setup_duration', 'event_start_time_local', 'event_time_zone', 'event_time_zone_abbreviation', 'event_title', 'event_topic', 'event_user_business_email', 'event_user_contact_email', 'event_user_isemployee', 'event_user_media_consent', 'event_user_notes', 'event_user_sign_in_count', 'event_user_title', 'event_users_checked_in', 'event_venue_census_tract', 'event_venue_census_tract_med_family_income', 'event_venue_formatted_address', 'event_venue_location_area', 'event_venue_postal_code', 'event_venue_title', 'events_start_time', 'evidence_capture_duration', 'first_name', 'gender', 'home_zip', 'income_level', 'last_name', 'other_duration', 'preparation_duration', 'user_work_location_formatted_address', 'user_work_location_name', 'work_location_islmi', 'work_location_name']","{'Attendees Detail': 'https://tableau.everfiapps-dev.net/#/views/EngageDashboard_0/AttendeesDetail', 'Facilitators Detail': 'https://tableau.everfiapps-dev.net/#/views/EngageDashboard_0/FacilitatorsDetail', 'Engage Dashboard': 'https://tableau.everfiapps-dev.net/#/views/EngageDashboard_0/EngageDashboard'}"
reporting_data.volunteer_activity_table,"['account_id', 'age', 'employer_name', 'engage_account_id', 'engage_account_organization_uuid', 'engage_users_uid', 'event_attendee_business_name', 'event_attendee_business_zip', 'event_attendee_contact_followup', 'event_attendee_contact_methods', 'event_attendee_contact_phone', 'event_attendee_contact_promotional', 'event_attendee_home_phone', 'event_attendee_is_lmi', 'event_attendee_lmi_qualification', 'event_duration', 'event_end_time', 'event_end_time_local', 'event_id', 'event_isdemo', 'event_manual_attendee_count', 'event_partner_name', 'event_partner_serves_lmi', 'event_role', 'event_setup_duration', 'event_start_time_local', 'event_time_zone', 'event_time_zone_abbreviation', 'event_title', 'event_topic', 'event_user_business_email', 'event_user_contact_email', 'event_user_isemployee', 'event_user_media_consent', 'event_user_notes', 'event_user_sign_in_count', 'event_user_title', 'event_users_checked_in', 'event_venue_census_tract', 'event_venue_census_tract_med_family_income', 'event_venue_formatted_address', 'event_venue_location_area', 'event_venue_postal_code', 'event_venue_title', 'events_start_time', 'evidence_capture_duration', 'first_name', 'gender', 'home_zip', 'income_level', 'last_name', 'other_duration', 'preparation_duration', 'user_work_location_formatted_address', 'user_work_location_name', 'work_location_islmi', 'work_location_name']","{'Attendees Detail': 'https://tableau.everfiapps-dev.net/#/views/EngageDashboard_0/AttendeesDetail', 'Facilitators Detail': 'https://tableau.everfiapps-dev.net/#/views/EngageDashboard_0/FacilitatorsDetail', 'Engage Dashboard': 'https://tableau.everfiapps-dev.net/#/views/EngageDashboard_0/EngageDashboard'}"
ods.fact_elective_learning_knowledge_gain,"['content_group_avg_post_assessment_score', 'content_group_avg_pre_assessment_score', 'content_group_name', 'date_key', 'first_assesment_key', 'items_in_content_group', 'knowledge_gain', 'last_assesment_key', 'organization_key', 'post_evaluations_completed', 'pre_evaluations_completed', 'program_key', 'sourcesystem_id', 'user_partner_key']","{'Knowledge Gain': 'https://tableau.everfiapps-dev.net/#/views/LearnerResponseAnalysisKnowledgeGain/KnowledgeGain', 'Overview': 'https://tableau.everfiapps-dev.net/#/views/LearnerResponseAnalysisKnowledgeGain/Overview'}"
ods.fact_elective_learning_knowledge_gain,"['content_group_avg_post_assessment_score', 'content_group_avg_pre_assessment_score', 'content_group_name', 'date_key', 'first_assesment_key', 'items_in_content_group', 'knowledge_gain', 'last_assesment_key', 'organization_key', 'post_evaluations_completed', 'pre_evaluations_completed', 'program_key', 'sourcesystem_id', 'user_partner_key']","{'Knowledge Gain': 'https://tableau.everfiapps-dev.net/#/views/LearnerResponseAnalysisKnowledgeGain/KnowledgeGain', 'Overview': 'https://tableau.everfiapps-dev.net/#/views/LearnerResponseAnalysisKnowledgeGain/Overview'}"
team_rls,[],{'Course Progress': 'https://tableau.everfiapps-dev.net/#/views/UserReport_15844745168020/CourseProgress'}
engage_data.events,"['account_id', 'cancellation_reason', 'cancelled_at', 'code', 'completed', 'created_at', 'demo', 'desired_volunteer_count', 'disable_assessment', 'end_time', 'estimated_expense_cents', 'for_kids', 'id', 'languages', 'manual_attendee_count', 'partner_contact_email', 'partner_contact_name', 'partner_contact_phone', 'partner_id', 'private', 'start_time', 'time_zone', 'topic_id', 'type', 'updated_at', 'venue_contact_email', 'venue_contact_name', 'venue_contact_phone', 'venue_id']",{'Engage Dashboard': 'https://tableau.everfiapps-dev.net/#/views/EngageDashboard_0/EngageDashboard'}
reporting_data.engagement_activities_program_level,[],{'Elective Learning Engagement': 'https://tableau.everfiapps-dev.net/#/views/ElectiveLearningActivitySummaryBeta/ElectiveLearningEngagement'}
reporting_data.engagement_activities_program_level,[],{'Elective Learning Engagement': 'https://tableau.everfiapps-dev.net/#/views/ElectiveLearningActivitySummaryBeta/ElectiveLearningEngagement'}
reporting_data.atwork_activity_elective_learning_report_data,[],"{'Activity Summary': 'https://tableau.everfiapps-dev.net/#/views/ActivitySummary/ActivitySummary', 'Activity Popularity': 'https://tableau.everfiapps-dev.net/#/views/ActivitySummary/ActivityPopularity'}"
reporting_data.atwork_activity_elective_learning_report_data,[],"{'Activity Summary': 'https://tableau.everfiapps-dev.net/#/views/ActivitySummary/ActivitySummary', 'Activity Popularity': 'https://tableau.everfiapps-dev.net/#/views/ActivitySummary/ActivityPopularity'}"
ods.dim_programs,"['active', 'city', 'parent_program_id', 'program_create_date', 'program_id', 'program_key', 'program_name', 'program_slug', 'program_type', 'program_update_date', 'sourcesystem_id', 'start_date', 'state']",{'@Work Module Activity': 'https://tableau.everfiapps-dev.net/#/views/SingleChartbyTopic/WorkModuleActivity'}
ods.dim_contents,"['content_configuration', 'content_create_date', 'content_curriculum_id', 'content_id', 'content_isactive', 'content_key', 'content_slug', 'content_title', 'content_type', 'content_update_date', 'content_uuid', 'follow_up_content_id', 'internal_name', 'is_cc', 'is_event_tracking', 'is_facstaff', 'is_financial_education', 'is_he', 'lob_rls_id', 'product_code', 'product_code_corporate_compliance', 'product_code_event_tracking', 'product_code_faculty_staff', 'product_code_financial_education', 'product_code_higher_education', 'product_code_k12', 'public_name', 'sourcesystem_id', 'subsourcesystem_name']",{'Activity Snapshot': 'https://tableau.everfiapps-dev.net/#/views/ActivitySnapshot_0/ActivitySnapshot'}
ods.dim_contents,[],{'Winning Solution for POC': 'https://tableau.everfiapps-dev.net/#/views/DoDPOC/WinningSolutionforPOC'}
ods.dim_contents,[],{'Winning Solution for POC': 'https://tableau.everfiapps-dev.net/#/views/DoDPOC/WinningSolutionforPOC'}
rls_data.rls_org_lob_team_admin_user,[],{'Event Responses': 'https://tableau.everfiapps-dev.net/#/views/EventEvaluationDetails/EventResponses'}
reference_data.rls_elective_learning_team,[],{'Email Summary (Elective Learning)': 'https://tableau.everfiapps-dev.net/#/views/EmailActivityElectiveLearning/EmailSummaryElectiveLearning'}
ods.dim_organizations,"['admins_sign_in_count', 'last_admin_login_date', 'last_admin_login_name', 'organization_account_lead', 'organization_asset_size_000', 'organization_aum_tier', 'organization_benchmarks', 'organization_company_size', 'organization_contract_start_date', 'organization_create_date', 'organization_cs_tier_score', 'organization_delete_date', 'organization_financial_institution_type', 'organization_id', 'organization_industry', 'organization_institution_type', 'organization_isactive', 'organization_isdemo', 'organization_key', 'organization_legacy_import_id', 'organization_logo_url', 'organization_name', 'organization_salesforce_account_lead', 'organization_salesforce_id', 'organization_school_id', 'organization_slug', 'organization_uuid', 'sourcesystem_id', 'subsourcesystem_name']",{'@Work Module Activity': 'https://tableau.everfiapps-dev.net/#/views/SingleChartbyTopic/WorkModuleActivity'}
content_service_data.content_translations,[],{'Activity Snapshot': 'https://tableau.everfiapps-dev.net/#/views/ActivitySnapshot_0/ActivitySnapshot'}
homeroom_data.implementation_periods,[],{'CEos': 'https://tableau.everfiapps-dev.net/#/views/CEos-Staging/CEos'}
ods.dim_training_periods,[],{'Winning Solution for POC': 'https://tableau.everfiapps-dev.net/#/views/DoDPOC/WinningSolutionforPOC'}
ods.dim_training_periods,[],{'Winning Solution for POC': 'https://tableau.everfiapps-dev.net/#/views/DoDPOC/WinningSolutionforPOC'}
homeroom_data.enrollments,[],{'Action Plan Dashboard': 'https://tableau.everfiapps-dev.net/#/views/ActionPlanDashboardOrgId/ActionPlanDashboard'}
homeroom_data.enrollments,[],{'Action Plan Dashboard': 'https://tableau.everfiapps-dev.net/#/views/ActionPlanDashboardOrgId/ActionPlanDashboard'}
reporting_data.atwork_program_poll_response_activity_report_data,"['activity_date', 'answer_count', 'content_isactive', 'content_title', 'content_type', 'evaluation_type', 'organization_isdemo', 'organization_name', 'organization_uuid', 'poll_answer_text', 'poll_question_text', 'program_name', 'program_type', 'section_description', 'section_title', 'team_id', 'team_manager_name']","{'Response Analysis': 'https://tableau.everfiapps-dev.net/#/views/LearnerResponseAnalysisKnowledgeGain/ResponseAnalysis', 'Overview': 'https://tableau.everfiapps-dev.net/#/views/LearnerResponseAnalysisKnowledgeGain/Overview'}"
reporting_data.atwork_program_poll_response_activity_report_data,"['activity_date', 'answer_count', 'content_isactive', 'content_title', 'content_type', 'evaluation_type', 'organization_isdemo', 'organization_name', 'organization_uuid', 'poll_answer_text', 'poll_question_text', 'program_name', 'program_type', 'section_description', 'section_title', 'team_id', 'team_manager_name']","{'Response Analysis': 'https://tableau.everfiapps-dev.net/#/views/LearnerResponseAnalysisKnowledgeGain/ResponseAnalysis', 'Overview': 'https://tableau.everfiapps-dev.net/#/views/LearnerResponseAnalysisKnowledgeGain/Overview'}"
reporting_data.elective_learning_user_report,[],{'Course Progress': 'https://tableau.everfiapps-dev.net/#/views/UserReport_15844745168020/CourseProgress'}
homeroom_data.sponsors,[],{'CEos': 'https://tableau.everfiapps-dev.net/#/views/CEos-Truist/CEos'}
reporting_data.atwork_personalized_learning_activity,[],"{'Planning Ahead': 'https://tableau.everfiapps-dev.net/#/views/AtWorkPersonalizedLearning_15845622529650/PlanningAhead', 'Emergency Expense': 'https://tableau.everfiapps-dev.net/#/views/AtWorkPersonalizedLearning_15845622529650/EmergencyExpense', 'Financial Goals': 'https://tableau.everfiapps-dev.net/#/views/AtWorkPersonalizedLearning_15845622529650/FinancialGoals', 'Dashboard': 'https://tableau.everfiapps-dev.net/#/views/AtWorkPersonalizedLearning_15845622529650/Dashboard', 'Financial Difficulty': 'https://tableau.everfiapps-dev.net/#/views/AtWorkPersonalizedLearning_15845622529650/FinancialDifficulty'}"
reporting_data.atwork_personalized_learning_activity,[],"{'Planning Ahead': 'https://tableau.everfiapps-dev.net/#/views/AtWorkPersonalizedLearning_15845622529650/PlanningAhead', 'Emergency Expense': 'https://tableau.everfiapps-dev.net/#/views/AtWorkPersonalizedLearning_15845622529650/EmergencyExpense', 'Financial Goals': 'https://tableau.everfiapps-dev.net/#/views/AtWorkPersonalizedLearning_15845622529650/FinancialGoals', 'Dashboard': 'https://tableau.everfiapps-dev.net/#/views/AtWorkPersonalizedLearning_15845622529650/Dashboard', 'Financial Difficulty': 'https://tableau.everfiapps-dev.net/#/views/AtWorkPersonalizedLearning_15845622529650/FinancialDifficulty'}"
reporting_data.atwork_personalized_learning_activity,[],"{'Planning Ahead': 'https://tableau.everfiapps-dev.net/#/views/AtWorkPersonalizedLearning_15845622529650/PlanningAhead', 'Emergency Expense': 'https://tableau.everfiapps-dev.net/#/views/AtWorkPersonalizedLearning_15845622529650/EmergencyExpense', 'Financial Goals': 'https://tableau.everfiapps-dev.net/#/views/AtWorkPersonalizedLearning_15845622529650/FinancialGoals', 'Dashboard': 'https://tableau.everfiapps-dev.net/#/views/AtWorkPersonalizedLearning_15845622529650/Dashboard', 'Financial Difficulty': 'https://tableau.everfiapps-dev.net/#/views/AtWorkPersonalizedLearning_15845622529650/FinancialDifficulty'}"
reporting_data.atwork_personalized_learning_activity,[],"{'Planning Ahead': 'https://tableau.everfiapps-dev.net/#/views/AtWorkPersonalizedLearning_15845622529650/PlanningAhead', 'Emergency Expense': 'https://tableau.everfiapps-dev.net/#/views/AtWorkPersonalizedLearning_15845622529650/EmergencyExpense', 'Financial Goals': 'https://tableau.everfiapps-dev.net/#/views/AtWorkPersonalizedLearning_15845622529650/FinancialGoals', 'Dashboard': 'https://tableau.everfiapps-dev.net/#/views/AtWorkPersonalizedLearning_15845622529650/Dashboard', 'Financial Difficulty': 'https://tableau.everfiapps-dev.net/#/views/AtWorkPersonalizedLearning_15845622529650/FinancialDifficulty'}"
reporting_data.atwork_personalized_learning_activity,[],"{'Planning Ahead': 'https://tableau.everfiapps-dev.net/#/views/AtWorkPersonalizedLearning_15845622529650/PlanningAhead', 'Emergency Expense': 'https://tableau.everfiapps-dev.net/#/views/AtWorkPersonalizedLearning_15845622529650/EmergencyExpense', 'Financial Goals': 'https://tableau.everfiapps-dev.net/#/views/AtWorkPersonalizedLearning_15845622529650/FinancialGoals', 'Dashboard': 'https://tableau.everfiapps-dev.net/#/views/AtWorkPersonalizedLearning_15845622529650/Dashboard', 'Financial Difficulty': 'https://tableau.everfiapps-dev.net/#/views/AtWorkPersonalizedLearning_15845622529650/FinancialDifficulty'}"
ods_static_data.dim_dates,"['date', 'date_key', 'day', 'day_of_week', 'first_of_month', 'month', 'month_name', 'quarter', 'week', 'weekday_name', 'year', 'year_of_week']",{'@Work Module Activity': 'https://tableau.everfiapps-dev.net/#/views/SingleChartbyTopic/WorkModuleActivity'}
content_service_data.user_assignments,[],{'Activity Snapshot': 'https://tableau.everfiapps-dev.net/#/views/ActivitySnapshot_0/ActivitySnapshot'}
homeroom_data.action_plan_items,[],{'Action Plan Dashboard': 'https://tableau.everfiapps-dev.net/#/views/ActionPlanDashboardOrgId/ActionPlanDashboard'}
homeroom_data.action_plan_items,[],{'Action Plan Dashboard': 'https://tableau.everfiapps-dev.net/#/views/ActionPlanDashboardOrgId/ActionPlanDashboard'}
orders$,"['category', 'city', 'country', 'customer id', 'customer name', 'discount', 'order date', 'order id', 'postal code', 'product id', 'product name', 'profit', 'quantity', 'region', 'row id', 'sales', 'segment', 'ship date', 'ship mode', 'state', 'sub-category']",{'Sales Dashboard': 'https://tableau.everfiapps-dev.net/#/views/FilteringwithURLs/SalesDashboard'}
reporting_data.engage_attendee_evaluation_responses,[],{'Event Responses': 'https://tableau.everfiapps-dev.net/#/views/EventEvaluationDetails/EventResponses'}
orders$,"['category', 'city', 'country', 'customer id', 'customer name', 'discount', 'order date', 'order id', 'postal code', 'product id', 'product name', 'profit', 'quantity', 'region', 'row id', 'sales', 'segment', 'ship date', 'ship mode', 'state', 'sub-category']",{'URL Parameters (Passing a List)': 'https://tableau.everfiapps-dev.net/#/views/URLParametersPassingaList/URLParametersPassingaList'}
adminifi_data.users,[],"{'CEos': 'https://tableau.everfiapps-dev.net/#/views/CEos-Staging/CEos', 'Activity Snapshot': 'https://tableau.everfiapps-dev.net/#/views/ActivitySnapshot_0/ActivitySnapshot'}"
adminifi_data.users,[],"{'CEos': 'https://tableau.everfiapps-dev.net/#/views/CEos-Staging/CEos', 'Activity Snapshot': 'https://tableau.everfiapps-dev.net/#/views/ActivitySnapshot_0/ActivitySnapshot'}"
sheet1$,"['course', 'date', 'training period', 'value']",{'Dashboard to Test Download Page Changes': 'https://tableau.everfiapps-dev.net/#/views/DownloadsDynamicParameters/DashboardtoTestDownloadPageChanges'}
reporting_data.sponsored_learning_enrollment_activities,[],{'CEos': 'https://tableau.everfiapps-dev.net/#/views/CEos-Staging/CEos'}
evalufi_data.sections,[],{'Dashboard': 'https://tableau.everfiapps-dev.net/#/views/SurveyRepeater-LocalTest/Dashboard'}
reporting_data.progress_activities,[],"{'All Assignments': 'https://tableau.everfiapps-dev.net/#/views/ActionableDashboard/AllAssignments', 'All Courses': 'https://tableau.everfiapps-dev.net/#/views/ActionableDashboard/AllCourses'}"
reporting_data.progress_activities,[],"{'All Assignments': 'https://tableau.everfiapps-dev.net/#/views/ActionableDashboard/AllAssignments', 'All Courses': 'https://tableau.everfiapps-dev.net/#/views/ActionableDashboard/AllCourses'}"
adminifi_data.organizations,[],"{'CEos': 'https://tableau.everfiapps-dev.net/#/views/CEos-Staging/CEos', 'Activity Snapshot': 'https://tableau.everfiapps-dev.net/#/views/ActivitySnapshot_0/ActivitySnapshot', 'DownloadAnalytics': 'https://tableau.everfiapps-dev.net/#/views/DownloadAnalytics/DownloadAnalytics'}"
adminifi_data.organizations,[],"{'CEos': 'https://tableau.everfiapps-dev.net/#/views/CEos-Staging/CEos', 'Activity Snapshot': 'https://tableau.everfiapps-dev.net/#/views/ActivitySnapshot_0/ActivitySnapshot', 'DownloadAnalytics': 'https://tableau.everfiapps-dev.net/#/views/DownloadAnalytics/DownloadAnalytics'}"
adminifi_data.organizations,[],"{'CEos': 'https://tableau.everfiapps-dev.net/#/views/CEos-Staging/CEos', 'Activity Snapshot': 'https://tableau.everfiapps-dev.net/#/views/ActivitySnapshot_0/ActivitySnapshot', 'DownloadAnalytics': 'https://tableau.everfiapps-dev.net/#/views/DownloadAnalytics/DownloadAnalytics'}"
reporting_data.elective_learning_knowledge_gain_report_data,"['content_group_avg_post_assessment_score', 'content_group_avg_pre_assessment_score', 'content_group_name', 'date', 'knowledge_gain', 'organization_name', 'organization_uuid', 'partner', 'post_evaluations_completed', 'pre_evaluations_completed', 'program_name', 'team_manager_name', 'team_manager_uuid', 'team_uuid', 'total_post_assessment_grade', 'total_pre_assessment_grade']",{'Knowledge Gain': 'https://tableau.everfiapps-dev.net/#/views/KnowledgeGainDashboard/KnowledgeGain'}
homeroom_data.action_plan_topics,[],{'Action Plan Dashboard': 'https://tableau.everfiapps-dev.net/#/views/ActionPlanDashboardOrgId/ActionPlanDashboard'}
homeroom_data.action_plan_topics,[],{'Action Plan Dashboard': 'https://tableau.everfiapps-dev.net/#/views/ActionPlanDashboardOrgId/ActionPlanDashboard'}
homeroom_data.sponsors,[],{'Action Plan Dashboard': 'https://tableau.everfiapps-dev.net/#/views/ActionPlanDashboardOrgId/ActionPlanDashboard'}
homeroom_data.sponsors,[],{'Action Plan Dashboard': 'https://tableau.everfiapps-dev.net/#/views/ActionPlanDashboardOrgId/ActionPlanDashboard'}
homeroom_data.sponsors,[],{'Action Plan Dashboard': 'https://tableau.everfiapps-dev.net/#/views/ActionPlanDashboardOrgId/ActionPlanDashboard'}
orders$,"['category', 'city', 'country/region', 'customer id', 'customer name', 'discount', 'order date', 'order id', 'postal code', 'product id', 'product name', 'profit', 'quantity', 'region', 'row id', 'sales', 'segment', 'ship date', 'ship mode', 'state', 'sub-category']",{'DashboardStyle': 'https://tableau.everfiapps-dev.net/#/views/EVERFI_StyleGuideTemplate_16212865095540/DashboardStyle'}
rls_data.rls_org_lob_admin,[],"{'Survey Data': 'https://tableau.everfiapps-dev.net/#/views/SurveyResultsbyQuestionTwoTableaRLS/SurveyData', 'Dashboard': 'https://tableau.everfiapps-dev.net/#/views/SurveyRepeater/Dashboard'}"
rls_data.rls_org_lob_admin,[],"{'Survey Data': 'https://tableau.everfiapps-dev.net/#/views/SurveyResultsbyQuestionTwoTableaRLS/SurveyData', 'Dashboard': 'https://tableau.everfiapps-dev.net/#/views/SurveyRepeater/Dashboard'}"
rls_data.rls_org_lob_admin,[],"{'Survey Data': 'https://tableau.everfiapps-dev.net/#/views/SurveyResultsbyQuestionTwoTableaRLS/SurveyData', 'Dashboard': 'https://tableau.everfiapps-dev.net/#/views/SurveyRepeater/Dashboard'}"
rls_data.rls_org_lob_admin,[],"{'Survey Data': 'https://tableau.everfiapps-dev.net/#/views/SurveyResultsbyQuestionTwoTableaRLS/SurveyData', 'Dashboard': 'https://tableau.everfiapps-dev.net/#/views/SurveyRepeater/Dashboard'}"
rls_data.rls_org_lob_admin,[],"{'Survey Data': 'https://tableau.everfiapps-dev.net/#/views/SurveyResultsbyQuestionTwoTableaRLS/SurveyData', 'Dashboard': 'https://tableau.everfiapps-dev.net/#/views/SurveyRepeater/Dashboard'}"
rls_data.rls_org_lob_admin,[],"{'Survey Data': 'https://tableau.everfiapps-dev.net/#/views/SurveyResultsbyQuestionTwoTableaRLS/SurveyData', 'Dashboard': 'https://tableau.everfiapps-dev.net/#/views/SurveyRepeater/Dashboard'}"
ods.dim_organizations,"['organization_account_lead', 'organization_asset_size_000', 'organization_aum_tier', 'organization_benchmarks', 'organization_company_size', 'organization_contract_start_date', 'organization_create_date', 'organization_cs_tier_score', 'organization_delete_date', 'organization_financial_institution_type', 'organization_id', 'organization_industry', 'organization_institution_type', 'organization_isactive', 'organization_isdemo', 'organization_key', 'organization_logo_url', 'organization_name', 'organization_salesforce_account_lead', 'organization_salesforce_id', 'organization_school_id', 'organization_slug', 'organization_uuid', 'sourcesystem_id', 'subsourcesystem_name']",{'visits': 'https://tableau.everfiapps-dev.net/#/views/SiteTrafficDistributionstabpy/visits'}
extract.extract,"['category', 'city', 'country', 'customer name', 'discount', 'order date', 'order id', 'postal code', 'product name', 'profit', 'quantity', 'region', 'sales', 'segment', 'ship date', 'ship mode', 'state', 'sub-category']","{'Customers': 'https://tableau.everfiapps-dev.net/#/views/', 'Product': 'https://tableau.everfiapps-dev.net/#/views/', 'Order Details': 'https://tableau.everfiapps-dev.net/#/views/', 'Shipping': 'https://tableau.everfiapps-dev.net/#/views/', 'Dashboard 8': 'https://tableau.everfiapps-dev.net/#/views/Superstore/Dashboard8'}"
extract.extract,"['category', 'city', 'country', 'customer name', 'discount', 'order date', 'order id', 'postal code', 'product name', 'profit', 'quantity', 'region', 'sales', 'segment', 'ship date', 'ship mode', 'state', 'sub-category']","{'Customers': 'https://tableau.everfiapps-dev.net/#/views/', 'Product': 'https://tableau.everfiapps-dev.net/#/views/', 'Order Details': 'https://tableau.everfiapps-dev.net/#/views/', 'Shipping': 'https://tableau.everfiapps-dev.net/#/views/', 'Dashboard 8': 'https://tableau.everfiapps-dev.net/#/views/Superstore/Dashboard8'}"
extract.extract,"['category', 'city', 'country', 'customer name', 'discount', 'order date', 'order id', 'postal code', 'product name', 'profit', 'quantity', 'region', 'sales', 'segment', 'ship date', 'ship mode', 'state', 'sub-category']","{'Customers': 'https://tableau.everfiapps-dev.net/#/views/', 'Product': 'https://tableau.everfiapps-dev.net/#/views/', 'Order Details': 'https://tableau.everfiapps-dev.net/#/views/', 'Shipping': 'https://tableau.everfiapps-dev.net/#/views/', 'Dashboard 8': 'https://tableau.everfiapps-dev.net/#/views/Superstore/Dashboard8'}"
extract.extract,"['category', 'city', 'country', 'customer name', 'discount', 'order date', 'order id', 'postal code', 'product name', 'profit', 'quantity', 'region', 'sales', 'segment', 'ship date', 'ship mode', 'state', 'sub-category']","{'Customers': 'https://tableau.everfiapps-dev.net/#/views/', 'Product': 'https://tableau.everfiapps-dev.net/#/views/', 'Order Details': 'https://tableau.everfiapps-dev.net/#/views/', 'Shipping': 'https://tableau.everfiapps-dev.net/#/views/', 'Dashboard 8': 'https://tableau.everfiapps-dev.net/#/views/Superstore/Dashboard8'}"
extract.extract,"['category', 'city', 'country', 'customer name', 'discount', 'order date', 'order id', 'postal code', 'product name', 'profit', 'quantity', 'region', 'sales', 'segment', 'ship date', 'ship mode', 'state', 'sub-category']","{'Customers': 'https://tableau.everfiapps-dev.net/#/views/', 'Product': 'https://tableau.everfiapps-dev.net/#/views/', 'Order Details': 'https://tableau.everfiapps-dev.net/#/views/', 'Shipping': 'https://tableau.everfiapps-dev.net/#/views/', 'Dashboard 8': 'https://tableau.everfiapps-dev.net/#/views/Superstore/Dashboard8'}"
ods.dim_organizations,"['admins_sign_in_count', 'api_configured_date', 'earliest_admin_last_login', 'first_assignment_created_date', 'first_assignment_due_date', 'first_batch_user_uploaded_date', 'first_category_label_created_date', 'first_customizations_created_date', 'first_notification_sent_date', 'first_policy_created_date', 'first_saml_config', 'first_users', 'homeroom_account_manager_id', 'homeroom_sponsor_id', 'last_admin_login_date', 'last_admin_login_name', 'organization_account_lead', 'organization_asset_size_000', 'organization_aum_tier', 'organization_benchmarks', 'organization_capabilities_list', 'organization_capability_alternative_login', 'organization_capability_at_work', 'organization_capability_cc', 'organization_capability_cra_education', 'organization_capability_cra_tracking', 'organization_capability_datafi_export', 'organization_capability_embed_content', 'organization_capability_event_management', 'organization_capability_faculty_staff', 'organization_capability_file_downloads', 'organization_capability_he', 'organization_capability_learning_invitation', 'organization_capability_legacy_assignments', 'organization_capability_public_api_access', 'organization_capability_saml_sso', 'organization_capability_scorm_sso', 'organization_capability_team_management', 'organization_capability_webhook_access', 'organization_categories_count', 'organization_company_size', 'organization_contract_start_date', 'organization_create_date', 'organization_cs_tier_score', 'organization_delete_date', 'organization_financial_institution_type', 'organization_id', 'organization_industry', 'organization_institution_type', 'organization_isactive', 'organization_isdemo', 'organization_key', 'organization_labels_count', 'organization_legacy_import_id', 'organization_logo_url', 'organization_multi_country', 'organization_multi_state', 'organization_name', 'organization_salesforce_account_lead', 'organization_salesforce_id', 'organization_salesforce_subvertical', 'organization_school_id', 'organization_short_id', 'organization_slug', 'organization_users_count', 'organization_uuid', 'sourcesystem_id', 'subsourcesystem_name']","{'Knowledge Gain': 'https://tableau.everfiapps-dev.net/#/views/LearnerResponseAnalysisKnowledgeGain/KnowledgeGain', 'Overview': 'https://tableau.everfiapps-dev.net/#/views/LearnerResponseAnalysisKnowledgeGain/Overview'}"
ods.dim_organizations,"['admins_sign_in_count', 'api_configured_date', 'earliest_admin_last_login', 'first_assignment_created_date', 'first_assignment_due_date', 'first_batch_user_uploaded_date', 'first_category_label_created_date', 'first_customizations_created_date', 'first_notification_sent_date', 'first_policy_created_date', 'first_saml_config', 'first_users', 'homeroom_account_manager_id', 'homeroom_sponsor_id', 'last_admin_login_date', 'last_admin_login_name', 'organization_account_lead', 'organization_asset_size_000', 'organization_aum_tier', 'organization_benchmarks', 'organization_capabilities_list', 'organization_capability_alternative_login', 'organization_capability_at_work', 'organization_capability_cc', 'organization_capability_cra_education', 'organization_capability_cra_tracking', 'organization_capability_datafi_export', 'organization_capability_embed_content', 'organization_capability_event_management', 'organization_capability_faculty_staff', 'organization_capability_file_downloads', 'organization_capability_he', 'organization_capability_learning_invitation', 'organization_capability_legacy_assignments', 'organization_capability_public_api_access', 'organization_capability_saml_sso', 'organization_capability_scorm_sso', 'organization_capability_team_management', 'organization_capability_webhook_access', 'organization_categories_count', 'organization_company_size', 'organization_contract_start_date', 'organization_create_date', 'organization_cs_tier_score', 'organization_delete_date', 'organization_financial_institution_type', 'organization_id', 'organization_industry', 'organization_institution_type', 'organization_isactive', 'organization_isdemo', 'organization_key', 'organization_labels_count', 'organization_legacy_import_id', 'organization_logo_url', 'organization_multi_country', 'organization_multi_state', 'organization_name', 'organization_salesforce_account_lead', 'organization_salesforce_id', 'organization_salesforce_subvertical', 'organization_school_id', 'organization_short_id', 'organization_slug', 'organization_users_count', 'organization_uuid', 'sourcesystem_id', 'subsourcesystem_name']","{'Knowledge Gain': 'https://tableau.everfiapps-dev.net/#/views/LearnerResponseAnalysisKnowledgeGain/KnowledgeGain', 'Overview': 'https://tableau.everfiapps-dev.net/#/views/LearnerResponseAnalysisKnowledgeGain/Overview'}"
content_service_data.assignments_contents,[],{'Activity Snapshot': 'https://tableau.everfiapps-dev.net/#/views/ActivitySnapshot_0/ActivitySnapshot'}
ods_static_data.dim_dates,[],{'Winning Solution for POC': 'https://tableau.everfiapps-dev.net/#/views/DoDPOC/WinningSolutionforPOC'}
ods_static_data.dim_dates,[],{'Winning Solution for POC': 'https://tableau.everfiapps-dev.net/#/views/DoDPOC/WinningSolutionforPOC'}
reporting_data.ses_report_data,[],{'Student Engagement': 'https://tableau.everfiapps-dev.net/#/views/StudentEngagementDashboard/StudentEngagement'}
ods.dim_programs,"['active', 'audience_id', 'audience_name', 'city', 'parent_program_id', 'program_create_date', 'program_delete_date', 'program_end_at', 'program_id', 'program_key', 'program_launch_at', 'program_name', 'program_slug', 'program_type', 'program_update_date', 'promotional_strategy_id', 'promotional_strategy_name', 'sourcesystem_id', 'start_date', 'state']",{'Knowledge Gain': 'https://tableau.everfiapps-dev.net/#/views/LearnerResponseAnalysisKnowledgeGain/KnowledgeGain'}
